1,1640,2007-09-18,2019-11-11
2,935,1989-07-14,2004-05-18
3,1839,1995-02-04,2004-09-11
4,1266,1980-10-31,1985-02-11
5,195,1983-03-07,1995-02-07
6,2315,1961-03-11,1966-12-29
7,2641,1976-04-10,1978-06-22
8,1943,1963-01-08,1974-05-18
9,2938,2014-08-10,2027-05-12
10,2024,2003-02-01,2013-08-04
11,574,1978-09-13,1981-07-22
12,2796,1981-05-12,1989-10-06
13,1154,1990-03-20,1998-04-08
14,808,1960-07-23,1966-10-02
15,1169,2011-02-02,2019-01-02
16,198,1967-10-06,1974-03-12
17,70,2001-03-24,2011-10-08
18,2655,1992-10-04,1994-10-06
19,2992,2006-12-12,2017-09-03
20,2706,1990-08-31,1998-09-10
21,2748,1968-03-01,1980-02-22
22,2937,1984-06-08,1991-01-30
23,1691,1996-09-17,2000-02-10
24,90,1999-02-05,2005-01-13
25,2409,1973-08-20,1981-08-27
26,805,1981-01-05,1992-11-02
27,2305,1997-07-31,2010-06-12
28,2231,1980-05-02,1991-09-04
29,88,1967-12-23,1974-11-13
30,1469,1961-02-19,1965-04-11
31,2991,1976-11-07,1985-03-31
32,261,1998-09-27,2007-09-29
33,2000,2019-07-13,2031-09-08
34,2095,2020-03-11,2034-11-27
35,1714,1967-10-28,1976-03-03
36,969,1993-04-10,1997-08-07
37,588,1980-04-28,1987-12-24
38,858,1966-04-16,1976-09-30
39,45,1997-05-12,2007-04-12
40,931,2007-11-18,2011-02-20
41,550,2016-07-25,2019-05-15
42,1145,1977-01-24,1977-10-23
43,1526,1974-02-19,1977-02-08
44,679,1987-01-04,1999-05-06
45,2483,1967-09-21,1968-05-02
46,2081,1973-02-15,1984-01-16
47,2581,2005-01-09,2019-09-05
48,485,1966-10-23,1979-10-28
49,260,1968-07-03,1977-03-27
50,1115,2020-02-01,2020-07-29
51,1828,1970-11-13,1975-01-14
52,1420,2013-12-28,2026-12-26
53,1774,2004-02-26,2008-07-04
54,2065,1988-04-16,1999-05-27
55,288,1986-05-06,1997-02-06
56,1077,1995-11-11,1999-03-03
57,1768,2002-09-29,2011-12-16
58,751,1978-02-11,1980-02-28
59,2318,1970-10-28,1977-04-18
60,1243,1970-01-19,1972-11-13
61,2964,2016-06-10,2019-08-22
62,2776,1975-08-10,1986-10-31
63,191,2016-09-29,2018-05-17
64,2242,2002-05-13,2005-07-28
65,838,1966-04-11,1981-01-27
66,917,1983-01-13,1988-07-05
67,358,1989-05-02,1994-05-18
68,1294,1981-12-17,1990-01-01
69,2193,2014-05-03,2024-10-30
70,1193,2007-03-08,2019-12-29
71,315,1994-10-14,2008-01-26
72,1746,2013-09-11,2027-11-20
73,1791,1965-06-23,1966-07-14
74,2312,1975-10-21,1982-07-10
75,289,1996-07-21,2006-05-20
76,938,1985-09-13,1993-10-13
77,1960,2005-02-19,2018-06-12
78,65,1960-08-31,1972-03-10
79,149,1981-10-22,1982-07-05
80,785,1995-09-14,2008-09-05
81,941,1978-09-14,1982-03-27
82,2825,2018-04-13,2026-11-04
83,1933,1980-02-28,1980-03-15
84,398,1965-12-06,1978-12-21
85,324,2011-07-15,2013-03-31
86,787,1963-02-21,1966-08-29
87,2895,2012-07-28,2023-12-19
88,2712,2001-08-11,2013-10-07
89,954,1987-06-18,1999-05-09
90,151,1986-09-01,1987-03-31
91,2374,1982-01-12,1994-12-16
92,332,2020-03-16,2024-09-28
93,2938,2017-02-16,2019-11-20
94,249,1964-06-26,1968-12-26
95,1732,2012-10-11,2021-12-18
96,21,2014-06-29,2020-02-13
97,2381,1990-10-13,1994-08-08
98,2737,2013-08-21,2020-05-14
99,2152,2012-03-13,2026-01-18
100,552,2012-11-09,2015-11-10
101,1305,1983-05-08,1995-04-08
102,1611,1971-01-12,1975-02-08
103,1798,2007-08-27,2014-08-07
104,2702,1991-08-16,1999-07-27
105,1230,1983-01-19,1983-12-24
106,603,1972-06-17,1980-08-07
107,2876,2016-09-30,2029-09-05
108,2752,2007-05-23,2014-09-22
109,1913,2012-06-25,2023-05-27
110,1459,2016-11-27,2022-05-08
111,432,1985-04-26,1998-02-07
112,1375,1985-01-18,1996-03-03
113,1222,2007-09-20,2019-07-02
114,350,1975-10-30,1976-11-18
115,2778,2013-06-29,2014-06-01
116,1589,1990-09-23,1992-01-24
117,1031,2014-03-07,2016-12-03
118,1418,1997-11-05,2008-11-29
119,1708,1993-07-29,1996-02-22
120,1183,1971-08-12,1973-07-02
121,1954,2008-07-22,2015-07-14
122,2602,1994-07-14,1997-05-27
123,1116,1974-05-09,1975-03-29
124,2874,1973-12-28,1980-10-18
125,1301,2004-12-18,2017-08-06
126,1705,2005-09-28,2014-08-18
127,2156,2001-03-12,2006-04-12
128,1868,1983-07-08,1990-09-06
129,2474,1968-09-13,1975-04-18
130,1071,1969-07-23,1974-08-01
131,1733,2004-06-21,2009-10-27
132,1682,1997-02-22,1999-03-21
133,667,1963-02-25,1969-03-30
134,1339,2011-09-25,2022-10-14
135,2342,2009-03-27,2010-12-26
136,2270,1973-04-01,1975-09-07
137,1959,1982-08-29,1996-09-02
138,1095,1967-10-16,1976-01-21
139,382,1976-08-07,1976-09-29
140,2068,1966-12-24,1979-06-03
141,1019,1962-04-29,1975-12-12
142,1663,1974-01-25,1986-04-16
143,2831,1997-05-04,2008-02-09
144,2131,2012-02-18,2023-08-08
145,1227,1993-06-18,1995-09-18
146,820,2014-09-29,2022-10-18
147,2865,2010-06-27,2014-12-17
148,1437,2009-11-21,2013-11-21
149,2167,1997-10-13,2001-04-01
150,1714,1988-10-22,2000-06-14
151,2800,2014-12-22,2017-03-02
152,2133,1991-12-01,1993-05-07
153,40,1968-08-27,1980-11-06
154,1560,1982-05-08,1992-07-23
155,569,2003-02-27,2003-11-09
156,227,2012-06-19,2025-04-16
157,2611,2011-11-10,2022-10-21
158,14,1973-04-07,1984-01-16
159,2083,1977-08-14,1978-07-31
160,1997,1997-09-16,2003-06-12
161,1539,2012-11-11,2021-04-15
162,589,1998-11-24,2007-07-07
163,2953,1981-03-16,1990-08-07
164,2565,1986-08-28,1993-10-02
165,2453,1973-11-01,1986-04-07
166,70,2017-11-01,2022-07-20
167,2596,1967-08-12,1971-05-07
168,1744,2007-05-27,2016-08-18
169,1099,2014-07-07,2017-06-15
170,1543,2011-07-27,2024-10-20
171,2778,2001-02-10,2016-01-11
172,1092,1994-08-26,1995-07-18
173,1575,2009-03-24,2014-05-27
174,1982,1998-09-07,2012-11-30
175,2871,2004-05-23,2005-07-21
176,507,2011-03-13,2022-08-28
177,319,1979-07-08,1990-08-12
178,631,1976-09-21,1980-02-15
179,2504,1960-09-09,1964-05-10
180,350,2009-09-25,2015-09-17
181,1997,1989-11-16,1993-03-23
182,687,1994-06-27,1999-09-20
183,2270,1994-08-15,2004-08-11
184,2721,1993-02-20,2005-07-09
185,2487,2017-07-10,2022-06-28
186,2728,2006-08-13,2016-01-31
187,2851,1972-07-28,1980-11-19
188,2902,1980-02-06,1988-04-12
189,1323,2018-04-12,2021-11-14
190,466,1972-04-22,1980-06-10
191,2551,2006-01-20,2013-04-15
192,2545,1988-02-08,1996-07-09
193,1628,1972-08-30,1973-09-23
194,180,1981-02-26,1988-08-16
195,307,1982-07-28,1993-11-24
196,890,1996-12-24,2008-04-17
197,220,1971-03-30,1985-05-02
198,915,2002-11-11,2011-02-15
199,444,1967-10-22,1972-08-08
200,2554,1996-06-21,2008-03-11
201,1400,2000-10-09,2013-12-31
202,1955,1964-03-06,1973-01-16
203,1410,1974-03-16,1983-11-25
204,2439,1988-10-02,2003-07-11
205,2708,1985-05-18,1990-01-26
206,978,2017-03-02,2027-01-16
207,2120,1983-12-10,1995-02-15
208,878,1961-12-17,1963-12-17
209,2378,2001-03-11,2009-11-27
210,1221,2001-11-28,2006-03-07
211,2588,2005-05-16,2008-09-09
212,1447,2010-07-24,2012-01-06
213,152,2016-10-04,2029-12-08
214,2706,2005-10-08,2016-08-06
215,1507,1994-09-05,1995-07-19
216,892,1991-10-27,1997-05-09
217,875,1990-10-13,2003-01-28
218,2581,1978-05-13,1985-06-29
219,1527,1987-08-14,1998-01-19
220,393,2010-08-23,2023-01-05
221,2206,1978-01-02,1987-07-21
222,1050,1972-09-21,1983-10-28
223,1410,2009-01-26,2023-05-19
224,179,1983-06-12,1989-10-05
225,840,2002-08-19,2015-07-20
226,968,1963-11-24,1969-08-16
227,1105,2007-03-16,2016-08-09
228,2588,2002-09-06,2013-04-24
229,1775,1997-04-02,1998-07-02
230,2978,2007-03-13,2008-09-07
231,2429,2020-03-25,2034-08-22
232,1955,1970-11-03,1979-10-06
233,1140,1967-02-05,1969-10-15
234,1638,1978-04-17,1982-03-12
235,2780,2000-01-27,2001-11-10
236,2208,1974-08-31,1984-07-21
237,561,2019-06-02,2031-09-09
238,1435,1976-04-23,1987-11-28
239,293,2002-11-11,2011-03-19
240,2105,1991-11-12,1993-08-14
241,1599,1982-01-19,1992-03-26
242,116,2013-01-31,2026-06-21
243,2587,1970-05-14,1980-04-11
244,2069,1979-12-11,1983-05-09
245,636,2005-06-14,2006-06-30
246,1432,1979-12-20,1985-08-10
247,2727,2000-09-22,2003-10-17
248,2331,2012-12-08,2021-02-25
249,330,1997-06-16,2000-05-15
250,2608,2016-01-17,2020-08-25
251,2710,2013-07-18,2023-06-28
252,942,1988-11-27,1999-08-14
253,1624,2018-11-02,2028-05-24
254,93,1998-07-06,2001-05-24
255,2849,1970-09-30,1975-04-28
256,2218,1961-04-13,1964-02-27
257,1060,1995-08-22,2009-02-11
258,73,1973-11-23,1978-11-05
259,450,2016-01-08,2021-12-06
260,1472,1977-05-07,1985-12-05
261,312,1987-04-06,1998-07-06
262,771,2010-07-15,2012-06-26
263,2787,1972-03-14,1985-04-12
264,1042,1997-05-19,2010-02-20
265,2533,1985-09-10,1998-10-25
266,1246,1996-04-14,2002-11-25
267,1275,1990-12-21,2001-02-13
268,409,1972-12-18,1978-07-06
269,2972,1976-04-17,1989-08-12
270,514,1978-03-22,1991-11-07
271,319,1965-04-18,1968-04-23
272,2986,2005-08-10,2007-03-28
273,2844,1980-03-18,1989-07-02
274,1792,2003-05-05,2007-05-28
275,1219,1981-10-04,1985-12-24
276,813,2014-07-30,2025-11-14
277,2152,1989-06-09,1995-03-02
278,1035,2000-09-02,2005-04-29
279,2781,2012-05-23,2025-08-31
280,539,1961-01-06,1970-10-21
281,1509,1988-11-27,1991-12-26
282,1574,1981-07-24,1986-12-22
283,999,1972-01-06,1983-08-10
284,558,1964-12-14,1975-01-22
285,1106,1977-04-25,1992-01-25
286,976,2003-06-18,2010-05-14
287,1732,2016-02-26,2028-09-13
288,1121,2005-11-13,2017-07-04
289,44,2004-01-29,2015-11-06
290,2709,1961-01-25,1964-06-12
291,583,2018-05-31,2028-08-23
292,702,2011-04-21,2023-06-06
293,2076,1981-04-22,1995-02-16
294,1757,2009-04-07,2016-08-28
295,216,2018-12-18,2032-01-04
296,2920,2000-01-17,2008-03-11
297,137,1970-09-14,1978-11-02
298,449,1982-12-06,1983-05-20
299,2041,2005-07-05,2009-08-18
300,2877,1992-10-14,1995-05-28
301,616,1994-09-08,2009-01-05
302,1069,2008-11-21,2015-06-13
303,1698,1965-11-27,1972-07-23
304,773,2008-08-09,2013-08-29
305,831,1988-02-22,1988-05-28
306,1044,1975-08-04,1976-03-17
307,1424,1969-10-24,1974-07-01
308,760,1991-09-08,2005-12-21
309,1047,1969-07-02,1974-12-01
310,690,1979-04-08,1990-08-13
311,2321,2014-05-28,2026-09-25
312,1529,1981-12-27,1992-11-26
313,2330,1976-05-02,1985-02-18
314,2320,1997-08-09,2006-07-27
315,2459,2015-07-04,2016-10-18
316,821,1967-06-12,1968-06-09
317,2656,2002-02-19,2003-02-11
318,1158,1973-06-29,1983-11-06
319,871,1993-08-03,2003-10-02
320,2335,1963-05-01,1967-10-31
321,2123,2017-03-25,2024-11-04
322,915,2016-05-17,2027-02-09
323,2439,1983-01-08,1990-04-28
324,1114,2002-05-03,2011-08-31
325,2586,2018-08-14,2031-11-15
326,2561,2000-02-14,2010-03-13
327,2507,1996-04-24,2003-08-31
328,2245,1973-01-16,1979-03-13
329,145,1970-04-23,1971-02-24
330,2219,1965-12-21,1975-01-30
331,2259,1970-04-29,1984-11-13
332,192,1986-06-11,1993-08-02
333,145,1965-09-07,1975-04-20
334,2048,2019-04-24,2020-03-14
335,385,2009-05-23,2011-08-18
336,1487,1963-12-02,1964-01-19
337,2475,1977-04-05,1978-02-21
338,1341,1999-04-13,2001-01-30
339,2627,2011-10-09,2017-01-07
340,1288,1983-05-21,1983-10-22
341,1613,1995-07-07,2000-01-11
342,387,2007-11-21,2018-08-02
343,454,2000-11-07,2010-05-19
344,621,1963-11-24,1971-04-06
345,2183,1974-03-08,1988-08-02
346,142,1982-03-24,1987-09-21
347,2782,2003-06-02,2006-11-24
348,2654,2003-01-29,2009-10-06
349,1431,1968-04-16,1975-06-01
350,888,1992-01-12,1994-02-12
351,2556,2011-02-27,2024-08-16
352,254,1978-12-08,1991-08-21
353,69,1969-03-06,1975-04-26
354,2440,1981-07-16,1987-05-03
355,314,1987-10-29,1991-04-23
356,976,1981-02-17,1982-04-16
357,2938,2000-06-29,2013-03-31
358,1324,1988-11-15,1991-08-05
359,528,2001-05-25,2005-05-14
360,2567,2012-01-24,2015-03-03
361,1673,1963-10-22,1971-04-03
362,2472,2001-02-20,2002-09-08
363,1495,2012-10-16,2023-08-09
364,69,1965-12-25,1975-04-17
365,2277,2019-05-19,2026-05-24
366,2164,1982-01-09,1984-07-01
367,567,2012-10-18,2015-12-21
368,2849,2009-02-15,2021-07-16
369,1100,1969-09-28,1973-03-08
370,1627,2008-01-06,2018-05-24
371,1529,2015-02-20,2017-08-26
372,2865,2016-04-14,2020-02-25
373,724,1965-05-09,1973-08-08
374,1234,2015-08-30,2022-04-07
375,2043,1995-06-05,2009-10-05
376,2999,1975-04-17,1985-02-03
377,2297,1962-11-11,1972-11-04
378,1362,1964-01-03,1976-09-20
379,912,1989-03-25,1993-04-21
380,297,2015-01-19,2015-10-08
381,1133,1997-05-26,2001-04-15
382,1603,2002-11-11,2012-05-18
383,360,1991-06-30,2000-06-27
384,2637,2009-04-17,2016-01-27
385,1897,1971-05-25,1984-06-30
386,1123,1986-01-03,1990-07-28
387,2230,2001-02-15,2012-09-01
388,619,2017-05-13,2029-12-22
389,2747,1969-02-22,1970-03-16
390,1835,2016-10-27,2028-08-19
391,2281,1973-11-08,1977-08-13
392,2689,1986-09-09,1998-04-21
393,2006,1963-10-28,1971-02-01
394,2845,2002-07-20,2017-04-01
395,2053,1990-07-06,1995-09-26
396,1051,1963-07-14,1964-01-22
397,2272,1976-12-12,1984-11-14
398,173,2011-12-28,2016-02-21
399,2079,2007-11-29,2010-04-10
400,1450,1976-01-11,1989-05-07
401,2246,1975-12-19,1982-12-17
402,2532,1983-07-04,1995-05-19
403,2666,1983-05-14,1997-04-13
404,504,2010-03-17,2012-07-21
405,2738,1984-05-26,1989-03-01
406,1416,1999-10-24,2000-05-02
407,1815,1960-12-26,1970-07-27
408,324,2015-09-13,2024-05-22
409,2327,1969-12-18,1972-08-31
410,2614,1969-06-13,1979-09-02
411,1136,1965-10-03,1977-12-07
412,942,2009-10-12,2024-07-08
413,2354,1960-01-12,1960-10-16
414,1110,2013-06-19,2025-03-06
415,2935,1991-04-02,2001-10-19
416,2167,2018-05-07,2032-05-08
417,2818,2016-08-09,2021-08-29
418,2806,2017-01-09,2022-07-22
419,1729,1978-05-31,1988-02-28
420,1148,1977-12-18,1984-06-21
421,2344,1993-06-05,1995-03-11
422,1502,1999-09-21,2013-02-11
423,43,1965-11-11,1974-03-04
424,1891,1990-12-24,2003-04-12
425,645,2007-03-09,2011-07-16
426,1881,1966-04-14,1977-10-04
427,1212,1990-05-19,2004-06-07
428,1048,1995-04-13,1997-07-09
429,52,1979-06-05,1988-06-20
430,879,1995-12-03,2006-08-24
431,458,1994-03-10,1998-04-22
432,919,1983-02-17,1993-05-25
433,704,1976-02-24,1979-11-27
434,1071,2018-05-11,2020-11-11
435,1668,1983-11-08,1997-11-07
436,162,1984-01-28,1988-07-25
437,441,1970-07-08,1976-05-24
438,1747,2005-03-28,2012-08-09
439,1804,2000-03-06,2007-12-30
440,2480,2004-09-07,2014-10-16
441,583,1979-03-06,1991-06-15
442,495,2001-11-23,2008-05-13
443,1928,1964-01-12,1976-12-29
444,628,1987-05-12,1996-12-27
445,2802,1975-03-08,1978-09-27
446,2149,1995-10-07,2005-04-01
447,2752,1971-05-19,1973-11-23
448,1664,1986-04-09,1990-02-06
449,1091,2000-12-03,2012-05-16
450,2359,1963-07-18,1971-07-21
451,844,1966-01-14,1968-09-09
452,760,2013-11-23,2028-10-08
453,341,1993-05-31,2002-05-15
454,615,2005-05-18,2011-10-25
455,1303,2002-05-12,2008-10-19
456,237,1984-05-05,1990-08-06
457,2921,1981-06-30,1989-12-04
458,2353,1985-04-27,1986-11-20
459,580,1960-07-09,1970-04-26
460,2106,1993-10-15,1993-11-22
461,930,1985-12-05,1987-09-14
462,488,1972-02-15,1982-08-02
463,773,1963-07-05,1968-02-17
464,1658,1965-12-20,1976-11-05
465,568,2000-12-27,2009-11-04
466,2489,1990-07-21,2004-12-31
467,1342,2006-03-23,2008-10-13
468,2363,1960-04-29,1965-03-14
469,1590,2011-08-07,2021-10-17
470,2219,1964-12-04,1974-07-27
471,996,1980-11-14,1987-12-21
472,2520,1961-06-17,1970-09-17
473,985,1963-07-23,1971-05-24
474,1852,2018-09-11,2028-05-16
475,2910,1968-05-06,1971-02-14
476,295,1999-05-12,2011-06-19
477,39,1974-07-31,1978-08-31
478,2504,1979-01-29,1991-07-19
479,1484,1972-05-14,1985-10-24
480,2797,1967-09-01,1968-06-04
481,2331,1969-10-29,1979-03-13
482,1080,1993-09-10,1996-01-11
483,460,2001-11-23,2009-01-25
484,2295,1990-06-16,1997-01-20
485,997,1975-09-12,1984-08-04
486,164,1968-10-13,1978-07-28
487,684,2004-04-30,2006-03-04
488,300,1980-02-14,1994-08-23
489,1503,1999-04-15,2004-01-22
490,325,2012-03-14,2020-07-05
491,96,1996-11-01,2006-06-05
492,612,2001-03-27,2006-07-10
493,446,1984-07-12,1985-05-30
494,2071,1962-08-08,1974-02-15
495,2177,1990-01-01,1997-06-01
496,1103,1994-03-01,1999-05-11
497,76,1977-10-13,1985-08-01
498,857,1975-06-30,1984-08-05
499,882,1960-09-12,1962-07-04
500,985,1989-06-06,1990-04-01
501,1907,1985-10-07,1992-06-16
502,2538,2019-04-27,2027-04-29
503,704,1976-11-19,1986-11-10
504,2628,1987-05-13,1991-07-23
505,98,1968-02-03,1980-04-07
506,1298,2004-09-07,2012-02-18
507,1565,2010-04-12,2024-08-25
508,210,2012-05-24,2019-01-09
509,2170,2016-09-23,2018-04-09
510,2507,1990-01-07,1998-12-30
511,2359,1985-04-15,1997-11-27
512,951,2007-10-02,2012-06-08
513,2690,1987-02-25,1994-09-02
514,614,1992-05-29,2004-10-07
515,149,1979-10-20,1988-09-10
516,2688,1976-12-07,1991-05-16
517,1080,1969-06-03,1978-02-21
518,1273,1980-09-07,1990-05-06
519,976,1973-05-23,1975-07-04
520,758,1973-01-11,1985-06-18
521,2976,1989-02-05,1990-11-30
522,1858,1962-07-14,1976-09-14
523,1354,1988-07-17,2001-01-21
524,237,1966-10-18,1978-11-10
525,92,1986-05-02,1995-10-21
526,1317,2017-03-04,2030-02-16
527,1592,1998-02-07,2009-08-19
528,858,2016-03-01,2020-09-02
529,1588,1983-04-20,1993-05-19
530,2792,1980-10-18,1984-01-23
531,632,1973-01-22,1980-04-29
532,1264,1967-02-21,1972-06-17
533,2114,1970-03-29,1971-07-07
534,2081,1989-03-29,2003-04-02
535,221,1996-01-03,1997-06-06
536,56,1963-09-21,1963-09-30
537,897,1985-09-18,1992-11-20
538,534,2000-04-08,2006-05-30
539,2640,1976-09-13,1987-04-25
540,1108,1998-10-13,2008-05-04
541,1172,2007-05-18,2018-10-31
542,1912,1988-03-01,1991-08-02
543,526,1960-01-04,1961-12-16
544,158,1971-03-21,1981-09-30
545,1228,1977-02-10,1977-12-28
546,1582,1990-05-10,1998-08-11
547,246,2000-09-16,2005-09-07
548,2948,2018-07-30,2030-01-27
549,1376,1991-11-18,2004-07-13
550,1462,2002-07-27,2003-07-30
551,1613,2003-05-22,2012-11-02
552,2593,1971-09-14,1976-11-25
553,711,2000-01-01,2000-04-14
554,2217,2010-12-31,2020-08-30
555,2630,2015-02-22,2019-02-09
556,661,2016-01-02,2020-09-30
557,2430,1984-11-28,1989-05-14
558,2545,2017-11-26,2029-05-18
559,1567,1977-12-30,1990-04-26
560,1701,2007-08-15,2020-02-22
561,1358,1972-09-25,1975-05-19
562,2645,1987-08-01,1988-01-08
563,1658,1981-04-16,1982-12-03
564,195,1983-05-13,1990-03-29
565,707,1988-12-21,1992-08-16
566,1024,1996-05-16,2009-09-01
567,701,1963-06-21,1974-06-03
568,392,1983-09-21,1995-04-07
569,1781,2013-07-03,2025-09-22
570,2142,1974-07-29,1976-05-08
571,2927,1967-07-04,1971-02-15
572,1849,1983-05-03,1988-12-13
573,457,1965-10-22,1979-08-09
574,2762,2004-01-27,2005-12-05
575,2864,2002-05-01,2009-09-29
576,1869,2010-09-29,2012-11-23
577,1561,2019-07-28,2029-07-26
578,1250,2019-04-12,2023-07-24
579,1867,1975-08-14,1981-02-15
580,202,1998-12-22,2011-03-15
581,2168,1975-05-18,1982-09-22
582,1647,1960-09-30,1962-03-04
583,1223,1962-02-28,1965-05-23
584,159,1979-09-23,1979-12-13
585,918,1982-03-11,1992-08-03
586,1577,1978-03-02,1990-02-13
587,1118,2015-11-20,2020-10-11
588,2476,1994-05-26,1997-12-10
589,1844,1991-09-18,2006-01-03
590,2864,2012-04-13,2016-03-25
591,1238,1981-03-31,1987-12-26
592,2267,1989-01-07,1990-07-02
593,98,1978-08-21,1979-02-24
594,2180,1999-01-25,2007-08-22
595,949,1982-10-04,1987-12-18
596,91,2001-05-07,2002-01-31
597,1815,2016-02-16,2017-05-29
598,2533,1998-07-25,2011-03-03
599,165,1960-04-24,1965-10-10
600,1099,2018-11-14,2029-08-07
601,1065,2010-08-27,2020-08-31
602,2874,1979-02-03,1981-11-10
603,790,2015-09-19,2028-07-13
604,2251,2001-01-29,2010-01-02
605,1743,1960-10-02,1970-08-22
606,2927,1996-02-22,2009-03-29
607,1560,1967-08-24,1976-10-07
608,2028,1985-01-09,1995-04-15
609,485,2006-09-23,2015-10-26
610,660,1978-04-19,1985-05-10
611,570,1963-11-18,1973-04-03
612,1244,2014-06-20,2020-05-23
613,796,2008-03-06,2012-05-06
614,1152,1970-10-03,1976-04-07
615,2658,1976-05-30,1982-12-01
616,1967,2016-07-15,2029-07-15
617,1040,2009-02-07,2011-01-27
618,1042,1976-06-26,1981-07-25
619,986,1963-01-20,1967-10-24
620,2370,2005-09-24,2020-08-19
621,125,1993-12-02,2005-02-02
622,996,1994-03-24,1998-12-06
623,1232,2018-12-21,2026-08-14
624,106,1963-03-15,1963-04-05
625,426,1969-12-09,1974-05-01
626,2711,1994-09-26,2000-08-04
627,2408,1975-11-05,1980-09-25
628,2418,1981-11-06,1994-03-08
629,1176,2005-11-10,2020-10-24
630,1001,1984-05-09,1997-11-08
631,2230,1964-12-29,1967-07-27
632,1509,2018-07-04,2019-01-31
633,103,1997-05-20,2009-04-22
634,1847,1968-03-21,1975-05-10
635,2367,1974-09-28,1980-09-11
636,1057,1966-11-24,1967-04-15
637,2081,1963-07-26,1974-02-10
638,1970,1976-11-06,1983-09-01
639,2854,1990-12-28,1993-04-25
640,2764,1962-02-27,1962-11-29
641,1698,2002-10-07,2010-10-02
642,2576,1964-02-01,1976-10-22
643,1808,1960-06-14,1966-11-15
644,1841,2010-03-02,2024-07-27
645,1139,1994-09-09,2003-12-20
646,1182,1994-05-28,1999-05-11
647,963,2016-12-21,2023-04-29
648,415,1993-10-21,2008-01-16
649,2421,2007-05-27,2014-02-19
650,2211,1992-12-24,2001-06-06
651,919,1963-10-19,1968-12-01
652,861,2014-01-15,2020-01-30
653,1182,1981-05-03,1992-12-20
654,2807,2012-06-10,2017-05-26
655,1449,1999-06-17,2004-12-23
656,623,1994-04-04,1998-03-22
657,1918,1995-08-20,2002-08-28
658,2981,1993-07-02,2007-09-30
659,1211,2010-03-18,2012-12-26
660,1500,1988-06-24,2001-10-03
661,1836,2010-07-15,2022-10-26
662,2872,2010-09-01,2021-05-21
663,2618,1979-01-11,1984-09-09
664,795,2007-08-25,2017-05-22
665,1294,2013-09-23,2014-05-31
666,1459,1979-08-19,1980-02-20
667,1064,1980-01-15,1993-01-08
668,1791,1977-12-16,1987-07-28
669,1076,1989-05-20,1993-03-09
670,724,2006-01-23,2020-04-29
671,2180,1966-12-22,1970-05-08
672,2543,1999-05-23,2008-07-17
673,2540,2003-03-22,2011-06-19
674,991,1986-09-28,1996-10-14
675,674,2016-08-30,2018-11-16
676,340,1960-07-20,1968-01-21
677,1689,1964-04-27,1969-08-16
678,566,1960-10-09,1963-03-29
679,276,2019-03-25,2033-06-18
680,2871,1972-07-16,1980-02-19
681,698,1997-03-02,1999-05-18
682,2401,2014-01-15,2015-11-08
683,2530,1968-08-10,1969-09-12
684,1043,2005-10-23,2009-03-31
685,255,2019-01-06,2024-09-23
686,43,1969-01-20,1973-09-18
687,2635,1986-03-22,1992-09-19
688,2387,1970-11-01,1981-09-29
689,1799,2015-11-28,2030-07-16
690,2325,2004-01-03,2009-02-19
691,1485,2001-06-24,2009-02-16
692,931,2001-08-24,2006-08-16
693,2143,1964-05-12,1978-02-18
694,1720,2002-01-06,2005-10-28
695,1943,1997-06-05,2002-04-23
696,598,2019-09-29,2030-08-17
697,1346,1978-11-21,1982-01-16
698,45,1969-05-23,1981-01-30
699,2314,2017-04-09,2025-02-18
700,1575,2007-03-15,2015-12-31
701,2566,2017-05-18,2019-03-01
702,2910,1993-04-13,2008-03-25
703,2382,1991-07-09,2006-02-11
704,449,1995-06-08,2008-08-23
705,143,1970-05-03,1984-05-28
706,1826,2003-05-16,2005-05-25
707,64,2000-10-04,2002-06-01
708,1573,1967-04-28,1974-04-30
709,1073,1973-03-16,1977-07-15
710,572,2000-12-23,2008-06-26
711,2232,1990-08-08,1992-07-09
712,123,1979-02-26,1987-03-19
713,1202,1974-08-27,1981-11-10
714,2939,1970-02-02,1980-02-11
715,1805,1969-10-09,1980-12-31
716,78,1976-10-01,1976-10-11
717,1073,1991-12-17,2001-07-28
718,1887,1977-09-12,1992-01-11
719,1657,1986-02-12,1989-09-04
720,2281,1993-10-27,2000-04-22
721,2577,1960-05-30,1962-03-07
722,1494,1991-03-20,2003-08-29
723,1851,1975-04-27,1990-04-14
724,1742,1991-12-11,2006-01-02
725,2576,1983-02-04,1985-04-04
726,1072,1998-10-11,2007-01-23
727,2668,1998-05-21,1999-09-13
728,1037,2009-07-20,2015-10-31
729,1886,1967-01-09,1974-04-18
730,114,2015-08-22,2020-08-09
731,2717,1988-03-12,1990-04-16
732,836,1977-01-01,1978-06-26
733,566,2010-08-03,2013-12-08
734,152,1982-11-25,1994-03-07
735,686,2014-06-29,2023-09-21
736,1250,1960-04-22,1967-05-21
737,60,1998-10-05,1999-11-30
738,2841,1973-11-24,1980-10-07
739,2638,2016-10-26,2017-12-31
740,2562,2001-10-30,2014-01-17
741,824,1974-02-07,1974-07-01
742,701,2013-09-18,2028-07-18
743,817,2005-01-07,2006-03-14
744,1758,1998-12-17,2011-03-11
745,2725,1974-04-07,1988-10-26
746,1973,2011-05-26,2021-05-26
747,596,1964-04-05,1976-04-03
748,2795,1969-04-14,1971-12-29
749,2810,1969-11-17,1974-01-21
750,34,2004-07-26,2014-11-07
751,2503,2008-11-21,2012-09-24
752,917,2011-03-09,2022-07-28
753,2203,2003-06-10,2008-03-11
754,540,1974-12-20,1989-06-14
755,944,1970-04-03,1980-08-31
756,1137,1983-05-02,1985-01-19
757,468,1978-02-12,1992-04-14
758,1101,2020-02-04,2033-07-31
759,1143,1979-07-10,1982-09-25
760,1777,2006-03-08,2017-10-19
761,1654,2003-04-24,2013-04-18
762,936,1962-11-24,1965-05-10
763,2501,2002-12-31,2013-08-05
764,611,1990-12-13,1994-08-30
765,1021,1986-05-21,1997-06-07
766,1774,1975-03-16,1979-02-25
767,2325,1998-06-28,2013-03-11
768,710,2001-04-17,2003-03-19
769,1957,1971-08-07,1973-05-02
770,1868,1982-09-13,1986-12-29
771,2222,1975-09-24,1990-06-23
772,1160,1972-07-16,1981-01-25
773,621,1961-12-31,1968-08-13
774,2836,1981-10-22,1983-09-05
775,783,2020-03-22,2028-09-22
776,1758,2007-11-24,2022-03-21
777,1620,1995-02-09,2000-07-02
778,255,1992-08-18,1995-08-24
779,1144,1976-07-01,1989-02-01
780,2435,2018-09-04,2020-02-25
781,2012,2019-05-06,2029-02-12
782,455,2008-11-27,2023-03-06
783,1323,1989-06-26,1990-11-05
784,1208,2000-11-21,2011-11-04
785,514,1970-01-01,1975-01-10
786,2951,2011-03-25,2025-11-12
787,197,1990-12-12,1996-05-18
788,2344,1983-08-26,1989-09-11
789,1685,1983-02-27,1984-04-20
790,1716,1974-11-16,1975-08-23
791,1827,1966-04-15,1970-06-30
792,1337,1988-02-17,1999-11-27
793,2198,1966-11-04,1981-08-26
794,903,1967-11-30,1981-10-15
795,698,2008-07-04,2014-08-09
796,130,1995-05-28,1999-11-20
797,1869,1960-11-14,1961-09-16
798,2534,1996-01-14,2010-09-12
799,422,1971-07-08,1978-03-20
800,573,2000-11-02,2003-02-17
801,2106,1999-08-03,2011-05-25
802,1871,1969-08-15,1979-09-13
803,828,2016-02-25,2019-08-22
804,1087,1988-12-06,1999-12-03
805,1344,1970-06-24,1977-10-07
806,1950,1999-03-11,2009-12-15
807,1040,1968-06-26,1976-07-11
808,631,1974-06-29,1975-09-04
809,2264,1960-02-22,1968-08-23
810,737,1979-09-09,1983-04-26
811,693,2015-01-22,2018-11-21
812,782,1970-02-28,1978-06-12
813,894,1972-10-09,1983-04-30
814,302,1972-09-11,1974-11-21
815,363,1993-10-10,1995-05-21
816,1223,2007-01-12,2019-04-04
817,1429,2013-08-01,2024-08-11
818,2310,1981-12-28,1992-01-07
819,141,1995-12-13,1998-07-15
820,785,1991-04-19,1999-09-09
821,2465,1976-08-26,1978-12-03
822,1465,2003-07-14,2009-11-23
823,531,1974-10-18,1984-01-06
824,591,2008-07-21,2010-10-08
825,1563,1981-08-04,1989-02-19
826,1730,2000-07-17,2008-05-26
827,2637,2003-06-15,2010-12-26
828,1420,1976-07-24,1988-09-24
829,2297,2015-07-07,2019-03-30
830,585,1978-01-03,1981-07-11
831,66,2009-08-01,2017-06-27
832,215,2007-03-09,2019-10-11
833,341,2006-10-27,2016-05-13
834,2922,1993-05-22,1999-10-07
835,223,1980-11-07,1995-06-26
836,12,2007-08-26,2009-06-24
837,2110,1993-11-17,2001-03-24
838,1289,2008-12-07,2011-07-22
839,1552,2014-09-20,2014-11-18
840,2505,2011-08-22,2026-01-16
841,849,2019-05-13,2020-12-09
842,1249,1960-04-26,1973-02-23
843,1494,2009-03-30,2023-08-20
844,2663,2006-03-12,2010-01-04
845,2867,2013-04-06,2016-06-05
846,2838,1983-01-25,1984-03-19
847,2121,2013-01-08,2023-06-09
848,2746,1978-09-28,1986-07-05
849,2436,1992-08-19,2006-08-15
850,551,1998-06-05,2002-06-17
851,1328,1979-03-23,1993-05-26
852,374,1989-04-09,1997-04-14
853,1113,1969-05-28,1980-10-04
854,247,1973-07-11,1978-04-09
855,595,1977-11-12,1984-02-22
856,2780,2009-09-09,2010-01-15
857,109,1972-05-20,1985-06-22
858,2869,2003-04-30,2006-12-06
859,2509,1990-01-23,2004-07-08
860,1680,1974-06-21,1984-03-22
861,2335,1982-01-06,1982-08-15
862,1228,1993-12-17,2002-05-15
863,1131,1985-06-25,1997-12-25
864,593,1996-09-07,2006-09-24
865,552,1967-04-13,1978-02-03
866,2607,2012-10-24,2014-12-10
867,2283,2018-01-12,2024-06-07
868,2556,2002-02-02,2010-11-09
869,409,1983-09-19,1989-04-08
870,1934,1961-03-29,1961-08-17
871,2676,1965-03-20,1968-01-21
872,1637,1983-03-30,1993-01-15
873,2022,2015-03-15,2023-04-26
874,1774,1962-10-11,1968-02-29
875,2869,1970-03-15,1984-05-22
876,2359,1993-07-15,2002-09-07
877,716,1978-04-18,1981-09-30
878,1349,2019-12-05,2033-01-31
879,697,1969-01-28,1973-04-30
880,99,2016-08-29,2024-01-29
881,181,1960-05-24,1964-10-21
882,1702,1990-02-18,1994-12-02
883,1304,1998-11-14,2002-07-14
884,235,1997-06-04,2007-10-16
885,483,1975-03-17,1982-06-22
886,619,1965-05-29,1969-06-01
887,628,1970-06-24,1979-06-15
888,1470,1986-09-19,1988-12-17
889,2482,1968-06-26,1978-02-25
890,561,2008-07-07,2017-03-28
891,495,2004-06-17,2006-03-09
892,267,2019-06-20,2024-03-24
893,1139,1966-11-04,1979-08-03
894,2003,2015-02-20,2018-06-11
895,2964,1976-10-08,1986-06-25
896,2035,1997-07-26,2002-08-11
897,2901,1998-12-25,2010-07-29
898,1565,2019-07-20,2031-03-24
899,1053,1972-12-09,1985-08-16
900,570,1963-07-04,1968-05-07
901,231,1968-05-24,1968-12-25
902,2471,1986-03-28,1989-09-29
903,742,1966-07-15,1975-10-04
904,2852,2015-08-08,2026-10-11
905,681,1966-07-28,1978-11-27
906,879,1991-04-21,1992-07-29
907,2897,1993-04-16,2001-03-15
908,2558,1964-05-12,1975-12-28
909,2837,1961-07-05,1970-09-13
910,2440,1969-10-05,1974-03-08
911,1461,1990-01-11,1996-01-07
912,295,2011-03-19,2023-04-29
913,1741,1975-03-18,1977-05-25
914,1051,1986-09-05,1992-02-19
915,1176,2011-10-02,2022-04-08
916,493,2016-12-21,2020-08-18
917,1655,1982-02-02,1982-10-18
918,216,1983-12-04,1992-08-23
919,1895,1974-11-28,1986-03-29
920,72,1968-09-11,1982-09-27
921,1874,1968-02-12,1970-07-21
922,1532,2014-02-12,2018-08-18
923,544,2013-08-23,2020-04-11
924,1074,2013-09-23,2026-12-22
925,717,1985-08-25,1985-09-24
926,528,1996-02-08,2003-09-22
927,2297,1995-06-12,2009-07-20
928,1317,2016-08-30,2028-08-22
929,2919,1981-02-27,1994-07-16
930,367,2018-06-29,2021-05-07
931,2684,1993-04-26,1999-07-29
932,761,1966-03-19,1973-04-29
933,1743,1981-03-27,1987-01-13
934,140,2018-12-23,2030-01-12
935,1885,1962-03-12,1967-08-07
936,904,2017-12-19,2031-11-05
937,821,1994-02-03,1994-06-10
938,2034,2006-12-07,2014-12-05
939,711,1987-07-29,1997-03-18
940,89,1990-01-17,1990-08-20
941,378,1985-10-29,1986-06-01
942,6,1960-01-16,1969-11-29
943,1682,1980-07-19,1989-05-13
944,711,1995-04-23,1998-09-21
945,643,2008-04-09,2010-05-21
946,663,2019-09-07,2027-09-23
947,2690,1981-07-26,1995-12-28
948,617,1962-09-22,1969-03-22
949,2946,1999-09-25,2003-09-11
950,2991,1991-05-15,1993-06-03
951,78,1980-06-12,1989-11-11
952,151,1997-05-06,1999-05-05
953,1675,2004-03-23,2016-03-25
954,2084,1968-01-09,1968-05-13
955,2722,1962-06-29,1964-12-18
956,58,1984-05-30,1991-03-20
957,481,1992-06-20,1993-02-23
958,2884,2017-12-25,2025-08-18
959,297,2019-01-18,2031-04-21
960,1250,1994-04-03,1999-11-18
961,1397,1979-03-22,1991-07-14
962,2051,1967-06-14,1980-10-14
963,1451,1961-01-21,1974-05-15
964,1867,1975-07-01,1979-07-21
965,555,2020-03-06,2029-10-09
966,294,2012-04-01,2013-07-14
967,301,1980-02-04,1984-12-05
968,2385,2001-03-20,2005-09-08
969,2789,1979-05-27,1987-03-28
970,2602,1978-08-16,1987-02-05
971,767,1960-12-25,1963-08-02
972,1565,1985-04-25,1986-07-08
973,399,2009-05-01,2010-01-12
974,629,1996-09-21,2000-05-22
975,182,1967-04-10,1967-05-25
976,1486,1972-06-07,1978-01-17
977,218,1991-10-26,2005-07-22
978,1482,1971-07-16,1979-07-26
979,541,2007-10-02,2018-09-04
980,535,1998-01-11,2004-01-14
981,1935,2008-07-18,2012-07-02
982,2891,1962-02-10,1968-01-26
983,1495,1997-02-18,2007-12-12
984,2633,2000-03-21,2005-07-23
985,1292,1971-10-19,1986-03-11
986,1892,2017-11-09,2027-02-08
987,541,1987-12-02,1996-06-20
988,25,1974-05-03,1983-12-23
989,1997,1977-09-18,1988-04-24
990,390,2008-04-12,2016-09-23
991,201,1977-02-19,1990-02-15
992,2665,2010-10-05,2022-04-17
993,447,1991-01-14,2002-07-29
994,2742,1968-03-27,1973-11-23
995,1391,1996-11-02,2006-06-08
996,1464,1978-07-09,1992-07-04
997,38,1987-07-23,1991-12-08
998,2626,1980-05-20,1994-10-15
999,1385,1992-12-19,2007-02-23
1000,1552,1964-01-27,1972-07-21
200,354,1982-07-23,1984-06-11
201,2194,2018-06-17,2030-07-30
202,490,1991-09-21,2006-05-09
203,354,1980-01-23,1984-11-16
204,189,1973-03-19,1987-09-13
205,836,2019-06-10,2030-06-07
206,792,2020-01-12,2032-07-21
207,685,1996-12-08,2011-04-09
208,2022,1997-01-01,2000-12-12
209,172,1996-04-03,2004-07-09
210,1118,1965-06-10,1974-12-20
211,2272,1976-06-09,1981-04-01
212,928,1986-08-01,2000-10-14
213,996,2015-12-25,2015-12-30
214,1977,1971-03-23,1971-11-21
215,1391,1976-05-24,1983-05-06
216,2266,2011-07-10,2016-05-11
217,610,1964-11-29,1979-07-22
218,2990,1969-05-05,1980-09-09
219,1500,2014-12-14,2023-01-21
220,1379,2004-12-15,2014-10-05
221,222,1969-03-06,1970-03-30
222,137,2006-10-23,2020-12-14
223,1618,1992-10-26,1997-04-14
224,459,1995-01-12,2001-08-29
225,1185,1997-09-27,2002-05-25
226,931,1982-11-23,1997-07-09
227,1145,1980-12-12,1991-08-12
228,706,1998-08-21,2004-07-26
229,1990,2000-07-29,2004-08-31
230,2979,1997-11-07,1997-12-12
231,2117,2020-02-09,2034-08-08
232,1324,1964-07-05,1965-08-03
233,487,1974-07-29,1984-09-19
234,1164,1999-03-21,2007-05-16
235,774,1966-01-17,1978-03-09
236,1427,1995-01-17,2004-10-18
237,1713,1985-08-19,1995-05-28
238,251,2017-04-11,2028-10-30
239,2613,1996-05-24,2009-04-26
240,768,1974-07-27,1977-04-02
241,318,1980-09-19,1995-07-09
242,1031,1974-08-15,1983-08-11
243,2329,2011-09-16,2015-12-01
244,1852,2013-09-26,2028-04-04
245,481,1968-05-21,1970-05-29
246,128,1987-05-05,1992-12-03
247,754,1961-01-27,1968-08-15
248,1520,2015-07-02,2022-03-04
249,1512,1996-09-06,2000-02-26
250,2664,1986-06-21,1999-11-26
251,496,1961-04-06,1964-06-30
252,2683,1999-09-25,2004-12-27
253,1948,1983-03-09,1993-06-10
254,2880,1961-12-16,1963-10-12
255,2005,2019-02-15,2020-02-06
256,819,2007-11-20,2021-01-04
257,1876,1977-02-04,1980-09-04
258,498,1996-08-20,2001-07-23
259,1807,1978-08-10,1987-08-24
260,2553,2002-06-23,2006-11-14
261,2372,1973-12-29,1984-07-07
262,1728,2013-07-01,2014-06-21
263,1822,2005-10-08,2018-10-08
264,2142,1982-06-11,1992-07-06
265,1701,1994-06-21,2001-02-23
266,1027,1975-05-09,1980-08-23
267,646,2017-03-27,2030-08-13
268,41,2013-12-20,2027-10-12
269,2635,2008-07-21,2021-04-15
270,1128,1992-07-26,1999-08-26
271,1320,2003-06-03,2013-08-31
272,2269,2014-12-16,2024-01-01
273,1682,1977-01-13,1983-05-01
274,515,1983-12-07,1997-08-01
275,1742,1981-09-13,1991-04-24
276,2306,1998-04-23,1999-02-18
277,809,2018-10-09,2019-11-19
278,1349,2019-05-02,2029-03-29
279,773,1970-11-07,1971-08-25
280,1838,1963-10-17,1972-08-12
281,1496,1975-07-16,1987-10-29
282,781,2003-01-01,2011-06-08
283,2155,1966-09-23,1975-08-07
284,2945,1969-01-27,1977-02-25
285,772,1975-07-18,1989-03-17
286,2772,1976-01-16,1985-08-26
287,1660,1986-06-27,2001-01-29
288,2947,1985-07-13,1991-01-24
289,1943,1962-09-14,1973-06-10
290,2456,1984-01-03,1984-05-28
291,913,1978-05-23,1985-07-01
292,193,2004-11-11,2014-09-02
293,2529,1976-09-14,1990-02-16
294,1883,1987-01-02,1998-01-01
295,1072,2008-03-10,2010-10-02
296,198,1993-11-09,2000-06-04
297,1031,1980-07-20,1983-01-19
298,1639,1995-08-29,1998-12-12
299,674,1990-07-09,1997-01-30
300,363,2003-04-11,2011-04-05
301,384,2014-05-30,2021-08-19
302,2217,1972-08-17,1975-07-31
303,183,2020-04-28,2026-02-07
304,2318,1989-09-08,2003-08-28
305,2112,2000-07-05,2013-10-26
306,1886,1972-08-08,1976-10-27
307,457,1973-05-14,1976-10-12
308,395,1991-11-03,1993-10-07
309,164,1975-10-25,1981-11-18
310,2557,2015-01-02,2022-07-03
311,262,1991-04-13,2001-12-16
312,2271,1979-07-07,1985-07-07
313,2844,1984-08-07,1993-02-15
314,1890,1975-11-19,1976-12-22
315,2693,1998-08-05,2003-02-20
316,618,2014-10-23,2029-08-29
317,2330,2018-07-30,2021-01-08
318,544,1985-05-04,1985-12-26
319,2254,1992-05-03,1993-04-08
320,251,2015-09-12,2016-01-04
321,2844,1961-02-19,1963-01-03
322,2282,2001-12-16,2004-09-22
323,297,1992-06-21,1993-10-12
324,2712,1976-06-13,1982-02-23
325,1083,1994-05-20,2006-04-13
326,2363,1965-06-18,1972-10-04
327,2194,1971-07-21,1975-06-22
328,1272,2000-05-03,2006-07-31
329,1031,2011-04-27,2019-11-12
330,2385,2012-07-01,2021-08-21
331,2158,2003-04-06,2015-08-07
332,2912,1990-04-28,2000-12-18
333,1982,1960-04-28,1962-05-12
334,2036,1998-12-22,2001-01-02
335,929,2012-12-01,2025-06-05
336,938,2000-04-02,2014-08-08
337,2156,2001-02-23,2003-09-07
338,2555,1979-07-06,1992-07-05
339,1983,1994-10-26,2001-08-09
340,25,2001-01-02,2012-06-25
341,955,1976-11-07,1984-04-20
342,2980,1979-01-21,1991-04-07
343,981,2015-11-13,2020-01-25
344,1263,1987-03-27,1992-12-26
345,2130,1974-12-28,1986-04-28
346,2143,1974-03-20,1982-06-24
347,2909,2002-06-23,2015-07-07
348,1874,2008-05-08,2014-02-15
349,2582,1965-11-10,1972-05-08
350,355,1978-05-10,1991-09-18
351,656,1980-03-22,1986-05-13
352,2886,1968-07-13,1973-01-12
353,1604,2007-10-16,2020-02-20
354,1470,2004-09-10,2011-03-08
355,1665,1997-02-07,1999-05-05
356,2467,2015-08-30,2016-08-26
357,1679,2018-06-22,2024-06-06
358,1742,2010-04-24,2012-10-27
359,1714,1985-05-22,1987-04-28
360,942,1987-05-30,1996-05-05
361,125,2016-11-01,2023-02-26
362,2439,1968-01-18,1972-11-21
363,204,1993-08-16,2007-11-02
364,2821,1974-06-26,1984-02-22
365,269,1994-01-15,2008-03-11
366,1602,1986-09-09,1988-12-10
367,431,1985-01-09,1985-10-11
368,130,1964-08-16,1976-04-19
369,2121,2010-06-28,2013-06-29
370,610,1975-09-30,1980-10-16
371,1398,2008-04-19,2019-10-26
372,2141,1983-07-04,1989-03-01
373,1813,1980-10-11,1994-07-05
374,168,1993-07-21,1994-02-11
375,29,2018-09-15,2028-01-04
376,1388,1987-10-28,1996-05-23
377,418,1999-08-10,2011-09-09
378,2713,1980-01-04,1993-06-25
379,1742,1972-10-21,1977-08-24
380,645,1979-01-02,1981-10-26
381,1207,1960-04-10,1966-10-19
382,102,2008-04-03,2020-02-11
383,541,1979-11-01,1980-10-03
384,624,1995-01-14,2007-12-13
385,2737,1996-10-17,2008-03-07
386,333,1997-11-03,2004-03-25
387,1947,1991-03-06,2005-10-16
388,2025,1971-09-15,1982-07-24
389,109,1978-04-27,1990-12-12
390,1143,2000-04-07,2000-07-01
391,449,1985-09-25,1991-01-22
392,2166,1964-07-14,1976-12-22
393,2830,1992-04-15,2002-01-14
394,2474,1960-08-25,1968-07-20
395,2225,1971-11-21,1984-01-04
396,218,1983-01-03,1990-06-17
397,2752,2015-08-20,2029-03-22
398,1110,1972-09-15,1983-12-07
399,1159,2014-04-10,2026-01-05
400,2532,1989-07-06,1995-06-15
401,172,1971-03-27,1979-07-24
402,1194,1998-02-03,2000-10-27
403,1218,1977-02-04,1989-03-27
404,437,1994-03-09,2008-07-24
405,734,1968-12-02,1971-09-15
406,900,1989-11-28,1998-03-08
407,1189,1981-09-03,1992-11-30
408,2317,1969-02-07,1980-08-22
409,1100,1967-02-14,1970-08-13
410,2251,1980-06-16,1989-09-06
411,2,1969-08-11,1980-03-14
412,354,2008-11-15,2009-10-18
413,1283,1969-01-05,1979-03-31
414,1811,1995-01-16,2007-11-22
415,1636,1961-01-02,1965-11-20
416,2638,1986-09-05,1995-12-31
417,192,1973-04-30,1987-12-04
418,2694,1989-11-14,2004-03-26
419,1023,1964-04-21,1975-05-18
420,260,2002-07-21,2011-09-15
421,797,1996-09-02,2008-05-02
422,2413,1994-07-20,2007-09-27
423,2931,1989-10-06,2001-10-27
424,2042,1970-07-06,1976-06-14
425,2683,1977-02-04,1991-09-15
426,2693,2005-08-27,2018-02-27
427,426,1990-11-29,2003-08-30
428,355,1974-04-10,1983-09-04
429,2818,2014-01-05,2019-12-19
430,88,1979-02-15,1993-02-08
431,2435,2016-12-10,2022-08-13
432,437,2011-05-22,2016-05-19
433,2982,1995-01-17,2007-07-28
434,1961,2015-12-27,2023-11-28
435,1518,2006-09-26,2006-10-09
436,2591,2009-08-31,2019-01-05
437,414,2009-12-14,2024-08-07
438,2464,1980-06-02,1993-11-26
439,1373,2003-01-01,2004-02-26
440,2845,1987-07-31,1990-09-30
441,714,1981-12-20,1990-06-26
442,2105,1986-09-03,1991-09-11
443,2994,1981-05-30,1992-01-31
444,954,1995-07-06,2007-07-03
445,2541,2001-09-22,2010-11-01
446,1,1998-09-12,2009-08-08
447,827,1996-06-20,2010-04-06
448,2109,2006-04-17,2017-12-12
449,1656,2008-11-30,2014-10-20
450,927,2017-08-02,2026-10-02
451,1532,1978-05-07,1979-10-27
452,1199,1972-08-10,1977-11-15
453,2331,2007-10-24,2022-10-07
454,2311,1987-06-12,2001-12-16
455,2568,1962-08-07,1969-08-13
456,159,1982-09-23,1983-08-11
457,1461,1972-08-30,1980-01-09
458,1213,1995-04-22,2009-03-24
459,1047,2013-03-17,2022-05-11
460,2847,2013-12-22,2016-12-10
461,1566,1968-05-21,1971-11-28
462,2372,2010-09-04,2010-09-19
463,1615,1963-08-25,1969-09-01
464,1454,2007-08-20,2008-04-27
465,1314,2010-01-08,2019-04-08
466,878,1966-02-20,1976-06-14
467,2021,1971-10-24,1980-06-24
468,1579,1984-04-27,1986-09-26
469,2255,2007-09-08,2017-07-19
470,1023,1969-07-12,1970-07-09
471,571,1966-02-03,1980-09-08
472,1277,1983-06-02,1996-09-18
473,13,2012-01-19,2020-03-16
474,2379,2004-02-03,2006-01-12
475,743,1986-03-26,1991-07-16
476,359,1962-11-24,1977-05-27
477,3000,1974-03-01,1974-12-11
478,1867,2019-07-22,2025-03-18
479,238,2018-10-08,2033-05-29
480,55,2000-01-04,2007-08-26
481,1375,1982-01-10,1985-11-12
482,2675,2001-08-24,2002-09-21
483,2208,2005-09-22,2020-08-27
484,1636,1968-12-21,1983-02-04
485,1809,2017-03-09,2023-03-31
486,508,2014-08-31,2028-07-10
487,2807,1973-07-27,1974-10-02
488,2709,1962-02-04,1971-07-21
489,97,1960-07-20,1972-11-08
490,1255,1967-01-04,1967-06-20
491,374,2018-05-10,2018-06-21
492,2007,1987-01-23,1987-09-17
493,1279,1990-09-11,1999-06-28
494,1386,2014-05-28,2016-07-10
495,2398,1996-04-30,2007-02-05
496,1260,2016-10-02,2020-10-01
497,2043,1962-07-01,1965-11-22
498,734,1988-02-01,1995-09-25
499,1623,2002-08-26,2014-12-18
500,677,1997-08-09,1998-07-27
501,2526,1992-01-31,2001-02-14
502,2375,1980-12-14,1986-04-22
503,1228,1974-10-23,1981-04-28
504,134,2018-01-22,2026-10-01
505,1666,1970-08-03,1984-05-19
506,698,1990-02-04,1996-07-18
507,2805,2011-05-11,2019-10-23
508,2655,1980-04-17,1992-01-03
509,1469,2014-10-16,2027-02-26
510,2803,1969-04-12,1973-02-18
511,2290,2012-09-05,2025-03-12
512,2093,2015-04-21,2023-11-26
513,2714,1986-08-09,1997-09-24
514,2723,2004-05-12,2017-01-09
515,2425,1994-08-23,2006-09-06
516,2038,1992-04-22,2000-01-06
517,2447,1975-12-06,1977-04-15
518,1576,1969-06-15,1976-11-17
519,691,1976-04-15,1988-12-02
520,1192,1992-04-18,1999-06-22
521,1371,1993-02-21,2001-03-03
522,225,1987-09-05,1994-05-20
523,330,1978-09-12,1991-12-23
524,2695,2010-10-01,2020-05-10
525,2869,1994-10-07,1996-12-20
526,2314,1985-07-13,1996-04-11
527,2985,2003-10-06,2011-10-16
528,2526,2010-12-31,2021-08-04
529,1997,2003-12-21,2010-05-21
530,514,1963-05-04,1977-12-02
531,448,1987-07-05,1987-09-30
532,2668,2006-04-13,2019-01-22
533,2893,2017-05-02,2018-12-04
534,1573,1979-09-08,1990-12-24
535,2058,1962-11-13,1965-09-03
536,1950,1989-02-27,2002-06-22
537,847,1996-07-29,2001-02-27
538,2103,1986-07-01,1997-02-17
539,1927,2018-10-08,2019-03-24
540,2969,1981-10-21,1983-12-14
541,1193,1970-09-30,1982-12-15
542,968,2017-10-20,2032-05-15
543,2434,1989-10-26,1991-07-13
544,2779,1989-05-20,1989-10-11
545,1844,2008-09-01,2014-04-28
546,1505,1988-08-22,1991-05-21
547,844,1985-06-07,1996-02-11
548,1806,1964-06-06,1974-04-19
549,1201,2000-06-26,2004-01-05
550,410,2012-02-08,2024-01-15
551,307,2007-03-09,2011-02-26
552,1091,1982-02-01,1989-05-15
553,1389,2020-02-22,2032-01-19
554,59,1984-11-10,1998-07-14
555,2591,1980-03-06,1983-02-06
556,2634,1994-12-14,2008-09-12
557,1115,1983-12-17,1984-07-29
558,2101,1968-01-18,1977-03-09
559,1469,2013-02-22,2019-04-02
560,2421,2002-06-26,2012-06-21
561,1320,2015-02-14,2015-06-06
562,2724,2008-01-20,2021-03-29
563,2744,1991-05-14,1991-12-24
564,2835,1970-05-04,1977-06-13
565,1287,2000-10-24,2001-11-07
566,2433,1971-01-16,1975-04-07
567,2418,2005-03-08,2019-01-26
568,2407,1981-07-14,1996-05-04
569,20,2002-08-03,2008-08-09
570,2195,1980-10-22,1987-03-25
571,2380,2013-04-29,2017-04-23
572,2543,1967-03-22,1981-09-23
573,2980,1999-07-04,1999-11-15
574,2881,1999-05-16,2002-01-29
575,1932,1994-07-24,2007-10-30
576,1324,2012-05-01,2022-08-13
577,2788,2010-05-04,2019-10-29
578,1907,1994-07-05,1998-03-07
579,2157,1987-12-03,1995-08-17
580,2529,1968-05-23,1972-05-07
581,1395,2013-04-08,2018-04-04
582,2816,1980-01-31,1993-06-17
583,409,1986-10-19,1990-06-19
584,2616,1972-12-21,1986-04-30
585,1291,1990-09-18,2005-08-29
586,586,2019-11-05,2029-04-18
587,1236,1994-01-04,1994-04-27
588,1296,1974-11-22,1979-02-24
589,508,1997-03-01,2007-05-02
590,2643,1965-06-22,1974-02-14
591,188,1975-09-28,1987-09-26
592,1077,1992-06-29,2004-08-03
593,584,1964-12-03,1970-11-28
594,592,2020-04-24,2033-01-21
595,865,2013-10-27,2015-12-16
596,272,2002-03-06,2017-02-23
597,2135,1970-01-26,1977-07-31
598,1750,1983-11-24,1987-08-28
599,260,1996-08-09,2010-02-14
1,794,1981-02-15,1987-09-06
2,1136,1996-04-21,1997-10-03
3,377,2004-08-13,2017-07-07
4,2294,1967-06-20,1980-12-16
5,1494,1987-12-06,1999-08-24
6,2537,1983-11-22,1991-03-03
7,2329,2005-04-17,2011-05-28
8,2379,1998-04-30,2011-05-07
9,1664,1986-07-08,1988-08-09
10,561,2008-08-11,2021-07-12
11,939,1995-12-01,2000-08-18
12,2258,1987-04-14,1995-11-08
13,497,1978-03-27,1978-11-27
14,1079,2012-09-03,2019-10-19
15,319,1972-03-15,1985-10-25
16,57,1984-12-14,1998-01-08
17,1302,1993-02-02,2002-12-21
18,52,2012-01-05,2025-04-10
19,703,1981-05-29,1983-07-20
20,647,2006-08-06,2010-12-21
21,2141,1999-05-11,2005-01-15
22,1986,1967-03-09,1975-01-28
23,2912,2008-04-29,2020-09-23
24,1267,2000-03-30,2008-04-20
25,2371,1961-06-18,1963-03-06
26,800,1990-02-24,1992-08-21
27,1054,1965-10-31,1967-05-11
28,591,1997-08-24,2006-01-30
29,1669,1966-07-18,1981-07-02
30,977,2006-10-28,2012-02-11
31,2197,1968-08-23,1974-11-13
32,1213,1967-12-24,1972-05-26
33,2353,1971-08-08,1985-08-07
34,2428,1978-10-19,1981-04-30
35,2800,1960-02-17,1974-07-29
36,1380,2005-02-12,2015-06-18
37,1437,2019-11-19,2031-02-06
38,1912,1997-06-27,2005-03-02
39,324,1965-09-08,1973-10-07
40,1841,1971-05-05,1974-12-08
41,254,2000-10-24,2005-05-23
42,477,1990-12-15,2003-12-22
43,2973,2006-12-14,2016-02-26
44,1718,1980-12-20,1992-03-07
45,553,1984-08-07,1988-10-14
46,1645,2009-12-14,2017-03-26
47,2446,2008-04-01,2022-04-02
48,504,1964-09-09,1975-05-29
49,946,2003-04-18,2014-10-03
50,826,2011-07-05,2019-05-08
51,523,1978-04-26,1990-09-19
52,2415,1974-10-06,1987-07-19
53,206,2006-06-18,2015-10-05
54,1916,2019-05-30,2031-10-21
55,875,1980-07-07,1984-10-03
56,401,1967-07-31,1975-08-15
57,1325,2011-02-18,2019-07-18
58,2114,2012-04-07,2024-06-09
59,2640,1968-02-11,1974-11-01
60,2573,1975-01-31,1979-09-02
61,269,1999-11-04,2013-03-20
62,660,1960-04-06,1969-11-18
63,2909,1972-04-07,1981-10-17
64,2448,2017-10-09,2024-04-27
65,252,2011-12-22,2014-08-09
66,2784,1998-04-25,2008-03-05
67,2760,2018-09-30,2031-02-24
68,2889,1988-01-27,1996-08-26
69,2112,2010-01-12,2012-09-28
70,2694,1999-12-12,2000-03-14
71,483,2009-11-28,2014-01-06
72,296,1964-12-20,1978-02-21
73,212,2002-05-14,2016-07-06
74,2608,2019-12-28,2032-09-12
75,1623,1966-08-07,1973-01-09
76,650,2010-01-11,2021-02-23
77,2124,2017-04-03,2027-04-19
78,1917,2013-05-12,2015-03-29
79,236,1983-01-07,1984-07-30
80,1725,1983-10-19,1987-04-28
81,151,2013-04-17,2018-12-12
82,2217,1979-08-22,1984-04-12
83,2350,1995-04-05,2008-09-01
84,1029,1978-03-03,1992-09-01
85,545,1972-08-19,1982-12-03
86,869,1969-10-29,1980-09-12
87,2504,1960-09-13,1963-11-22
88,2797,2019-08-18,2029-01-04
89,1130,1989-02-27,1997-08-03
90,1043,1973-02-23,1983-07-07
91,2812,1994-04-14,1999-11-28
92,2095,2002-03-12,2012-01-05
93,1099,1998-10-13,2013-09-23
94,1100,1990-03-11,2002-11-07
95,682,1997-08-25,2007-07-04
96,862,2019-10-26,2023-05-08
97,892,2012-01-23,2016-05-24
98,2431,2005-11-29,2013-08-20
99,818,1984-03-06,1997-02-23
100,1363,1972-05-27,1973-01-07
101,1148,1997-01-25,2005-07-23
102,620,1973-01-12,1986-04-28
103,2450,1965-05-22,1971-03-31
104,740,2007-07-12,2020-10-07
105,354,2016-01-19,2030-07-12
106,85,1977-07-27,1988-04-27
107,1583,1989-02-20,2001-01-29
108,1183,2009-05-17,2015-09-26
109,724,2015-01-04,2019-07-17
110,1678,2012-11-01,2020-05-20
111,2007,1973-11-02,1974-11-15
112,1624,2002-08-16,2010-04-25
113,1158,2019-12-11,2026-04-24
114,1170,1963-09-11,1978-04-18
115,564,1991-08-05,2002-03-24
116,697,2003-02-08,2017-09-13
117,407,1977-11-05,1986-08-21
118,357,2003-11-16,2018-02-02
119,1290,1965-11-06,1977-07-04
120,1996,1999-02-04,2008-04-12
121,276,1978-12-14,1982-07-29
122,1091,1969-10-11,1982-11-27
123,341,1986-12-27,1999-07-23
124,1221,2016-12-16,2021-10-24
125,2418,1972-11-12,1983-11-03
126,458,1989-09-16,1993-08-11
127,2687,1986-05-26,1989-10-30
128,1251,2002-08-04,2011-03-05
129,1266,2011-05-20,2017-11-03
130,1827,1980-02-26,1982-06-22
131,108,1978-08-11,1980-03-16
132,1423,1965-04-11,1966-06-26
133,795,1988-05-24,2001-10-23
134,2478,2019-08-14,2021-04-16
135,2931,1975-01-17,1989-04-01
136,2685,1997-05-15,2004-01-29
137,2954,1990-11-02,2005-01-28
138,1687,2008-11-13,2015-02-25
139,2484,1979-02-09,1981-08-05
140,1372,1964-02-03,1975-06-11
141,383,1984-10-17,1987-06-16
142,1310,1972-06-17,1975-12-27
143,2173,2001-05-27,2014-07-11
144,1652,1979-03-19,1983-06-27
145,2147,1970-12-14,1979-06-28
146,2529,1982-12-05,1989-01-09
147,1713,1971-09-02,1979-10-06
148,2804,1966-08-03,1976-05-25
149,288,2016-10-16,2019-01-14
150,2248,2017-09-26,2031-02-07
151,536,1987-01-16,1990-12-01
152,669,1995-01-14,2003-09-21
153,2319,2006-02-13,2020-03-28
154,1767,2017-10-24,2023-08-28
155,1431,1971-07-07,1972-12-16
156,577,2004-05-21,2004-12-21
157,1458,1977-05-04,1980-08-01
158,2803,1983-09-27,1995-02-12
159,2531,1993-03-04,1996-12-09
160,570,1988-12-10,2000-07-15
161,1507,1993-12-07,2006-04-29
162,556,2014-04-20,2016-09-13
163,2,1983-10-25,1998-01-23
164,34,1990-01-11,1996-08-27
165,702,1960-08-08,1961-08-10
166,739,1993-04-17,1998-11-10
167,1656,2007-03-12,2017-04-24
168,2559,1977-03-10,1991-12-11
169,2699,1961-12-29,1966-10-27
170,867,2001-06-15,2003-04-21
171,2662,1966-02-22,1979-10-24
172,300,2009-02-13,2018-07-26
173,2516,1980-02-29,1981-12-27
174,2353,1993-11-06,1995-09-19
175,60,1989-06-09,1998-02-22
176,2860,1975-03-25,1986-03-29
177,10,1963-12-03,1968-11-09
178,2798,1997-12-30,2010-07-06
179,1418,1966-09-27,1970-04-13
180,2200,2011-08-01,2014-07-28
181,108,2020-01-21,2026-09-13
182,2592,1994-01-14,1995-05-31
183,2323,2017-10-24,2021-10-22
184,402,1976-03-06,1979-02-20
185,1605,1994-09-10,2004-06-12
186,834,1965-09-25,1970-08-13
187,7,2011-09-28,2017-04-06
188,2881,1988-07-25,1998-08-24
189,562,2007-02-28,2019-09-06
190,1410,1992-12-25,2002-12-18
191,1484,1981-09-21,1993-02-22
192,1584,1976-06-19,1988-02-14
193,1857,1965-06-03,1975-12-22
194,1605,2013-12-31,2017-07-04
195,2072,1992-01-28,1992-07-16
196,974,1961-09-30,1975-10-11
197,1993,1964-09-08,1969-12-15
198,1676,1971-05-17,1976-07-04
199,2880,2004-12-13,2016-08-24
200,344,1994-04-02,2000-03-23
201,1213,1984-02-28,1991-09-19
202,995,2018-05-17,2028-09-23
203,1780,1991-06-27,1991-10-19
204,2907,1996-10-12,2007-10-07
205,349,1989-01-05,1989-08-22
206,202,1974-08-08,1981-03-21
207,707,1974-11-16,1977-02-22
208,758,2001-06-03,2005-10-13
209,1022,1993-02-18,2002-08-25
210,549,1979-06-13,1993-05-30
211,978,1964-10-14,1974-05-22
212,1993,2015-01-05,2025-01-08
213,1563,2014-05-07,2023-07-29
214,931,1976-02-12,1988-11-17
215,678,1974-05-29,1980-03-24
216,1150,1968-08-15,1974-03-16
217,1599,2014-01-28,2025-09-04
218,2170,1984-08-04,1991-04-21
219,1865,1981-12-23,1993-08-23
220,2246,1989-07-08,1990-11-26
221,1043,1996-04-13,2004-01-04
222,922,1971-07-12,1972-10-16
223,2595,1977-07-14,1987-02-17
224,264,2002-04-21,2004-02-01
225,2300,1989-09-13,2002-02-11
226,279,2010-05-16,2021-06-25
227,2834,1988-08-09,1997-01-30
228,680,1960-06-23,1970-03-28
229,1562,1982-09-24,1991-10-15
230,2065,1989-05-10,1997-05-02
231,2785,1966-02-12,1974-11-02
232,2038,2014-04-02,2026-03-29
233,1297,1972-05-16,1976-03-16
234,1754,1994-06-06,2004-05-11
235,2977,1967-10-15,1976-07-12
236,124,2000-05-03,2000-06-19
237,2692,1999-02-14,1999-06-25
238,201,1998-09-03,2010-04-05
239,2417,1975-05-01,1982-06-17
240,2593,1996-07-19,1999-01-01
241,2547,1989-04-13,1995-07-27
242,392,2013-01-10,2013-01-19
243,573,2007-06-26,2019-02-14
244,1073,1993-04-11,1997-11-16
245,829,1966-02-09,1980-08-02
246,2005,1963-01-27,1975-01-24
247,49,2007-02-24,2007-10-17
248,2675,1967-11-10,1969-08-08
249,1401,2017-10-19,2019-03-28
250,2573,1967-09-11,1975-04-29
251,619,2006-08-26,2013-05-08
252,1275,2011-07-17,2021-06-07
253,1766,1978-07-05,1989-11-03
254,1219,2008-12-23,2021-03-25
255,2037,2015-07-27,2019-03-10
256,874,1985-02-25,1987-05-25
257,1181,2000-10-08,2009-06-01
258,1619,2002-01-01,2008-08-13
259,2968,1969-04-05,1974-10-06
260,2248,2006-03-09,2017-11-19
261,981,1988-05-07,2001-04-18
262,612,2004-05-31,2007-06-22
263,305,1993-08-10,1999-03-23
264,1270,1962-02-16,1966-10-20
265,1713,1960-10-18,1966-10-28
266,2976,1960-06-20,1961-10-16
267,277,1970-06-20,1976-03-04
268,2029,1981-09-27,1987-09-27
269,1129,2007-10-02,2010-04-02
270,2914,1960-03-06,1966-04-24
271,2706,1965-02-12,1967-10-29
272,1233,2006-03-11,2008-12-21
273,1060,1995-09-03,2006-06-10
274,397,2019-05-28,2019-08-09
275,227,1969-10-30,1977-07-10
276,875,1961-02-28,1961-10-02
277,1662,1966-01-01,1969-05-19
278,2645,1979-12-19,1990-09-24
279,628,2006-09-05,2014-10-30
280,463,2008-12-04,2015-07-20
281,1142,1974-06-02,1975-04-27
282,2573,1974-04-15,1989-03-01
283,478,2001-04-03,2006-04-13
284,2189,1990-07-07,2002-05-28
285,2894,1977-09-21,1985-09-19
286,1615,1998-01-12,1998-09-12
287,2490,1972-11-09,1978-01-08
288,1357,1988-12-20,1991-08-22
289,2043,1981-01-19,1993-11-12
290,1752,1978-09-28,1984-02-03
291,1122,1985-01-04,1991-05-30
292,1469,2015-01-06,2022-06-28
293,2980,1962-11-07,1973-09-26
294,6,1978-01-24,1991-08-23
295,2439,2003-09-09,2004-09-26
296,419,2018-10-18,2020-12-14
297,2946,1994-03-16,2001-04-12
298,1284,1998-01-10,2001-11-27
299,1922,1974-05-28,1975-12-10
300,2281,2007-03-07,2007-07-11
301,541,1978-11-06,1980-10-17
302,940,2017-05-31,2023-07-17
303,1947,1992-12-24,2003-06-24
304,1109,2003-05-01,2006-09-15
305,1120,2017-06-07,2025-12-30
306,2136,1991-07-19,1994-12-22
307,755,1997-06-11,2000-11-04
308,1068,2002-06-25,2003-12-05
309,1717,1965-04-29,1979-07-01
310,949,2014-04-18,2018-06-30
311,2499,2014-07-28,2023-09-12
312,715,1974-09-23,1989-05-05
313,464,1989-07-13,1993-08-09
314,1144,2006-02-13,2015-06-06
315,1046,1987-09-04,2001-04-15
316,2739,2002-11-15,2004-09-02
317,44,2007-10-25,2018-01-17
318,230,2017-05-31,2021-09-29
319,992,1965-01-23,1979-03-08
320,732,1982-12-21,1996-08-04
321,2506,1989-05-04,2001-09-17
322,2246,1981-05-22,1985-07-01
323,274,1999-05-09,1999-09-11
324,1335,2018-11-21,2027-06-30
325,2685,2011-12-19,2016-04-22
326,32,1975-07-01,1986-06-19
327,77,1985-07-30,1990-12-28
328,2652,1978-09-20,1987-06-20
329,2308,2005-11-29,2011-04-20
330,967,1985-01-17,1990-03-19
331,1146,1968-04-22,1974-01-03
332,1531,1980-02-11,1982-06-23
333,2663,2011-04-19,2017-09-30
334,1253,1960-10-03,1967-10-02
335,1301,2002-03-31,2012-08-27
336,341,2007-04-19,2018-03-23
337,1581,2003-03-13,2005-04-11
338,842,1968-03-06,1975-01-20
339,948,2009-08-26,2023-12-15
340,589,1994-10-11,2005-01-20
341,2718,1981-06-21,1990-01-05
342,508,2000-10-01,2009-12-29
343,461,1967-10-18,1980-02-08
344,1337,1987-10-26,1997-02-20
345,1870,1994-11-07,2002-01-02
346,1121,1970-11-11,1973-08-19
347,1939,1971-04-12,1981-06-23
348,1610,1990-03-01,2002-10-22
349,1017,2019-08-05,2032-04-03
350,1083,1977-03-23,1991-05-03
351,1968,2018-11-04,2033-03-24
352,1019,2009-11-25,2018-11-18
353,1619,1990-06-14,2003-01-14
354,2976,1981-06-21,1981-07-04
355,2447,1983-12-20,1994-04-03
356,1817,1970-09-03,1971-09-18
357,1930,1969-07-20,1970-08-23
358,851,1960-09-15,1969-05-10
359,2231,2009-12-21,2013-09-26
360,2063,1965-03-05,1971-02-24
361,317,1988-02-06,1993-04-05
362,1588,1995-02-07,2000-08-01
363,103,1992-08-06,2006-02-28
364,1055,1988-02-16,1993-04-06
365,1094,1969-10-29,1983-03-29
366,2149,1978-10-17,1979-04-17
367,1672,1963-04-01,1974-11-05
368,321,1984-03-08,1995-04-15
369,176,1981-02-01,1985-02-04
370,2553,2001-02-28,2009-10-03
371,2793,2003-05-20,2007-04-24
372,898,1962-08-06,1974-10-18
373,808,1986-03-17,1992-02-03
374,2587,1975-03-29,1976-06-30
375,2293,1988-08-05,2000-09-16
376,1819,1987-01-26,2000-08-05
377,1671,1993-09-12,1996-06-02
378,2086,2015-06-13,2025-02-23
379,2956,2015-04-17,2029-05-04
380,1761,2006-01-25,2014-07-28
381,83,1987-06-17,1997-09-14
382,1750,1985-09-02,1989-01-13
383,1504,1984-11-25,1997-10-06
384,915,1961-12-05,1975-12-05
385,923,1981-07-02,1992-09-07
386,1957,1971-07-14,1981-05-29
387,673,1974-04-16,1987-12-13
388,2302,2016-11-08,2019-10-25
389,1695,1986-07-09,1996-08-22
390,2256,1987-03-02,1995-07-20
391,323,2001-01-24,2009-12-27
392,1941,1990-02-22,1992-06-03
393,504,2010-09-19,2022-04-22
394,1605,1991-11-13,1993-04-27
395,1564,1978-09-05,1989-12-11
396,331,2006-08-05,2020-09-03
397,109,2007-04-05,2010-10-13
398,1186,1961-10-27,1965-10-06
399,856,1994-01-03,2003-02-07
400,2410,1962-09-03,1965-08-22
401,1742,1987-03-31,1995-07-07
402,1175,2006-03-04,2020-09-02
403,2157,2011-07-11,2025-06-05
404,1156,2000-10-10,2015-01-29
405,1294,1985-06-03,1989-03-19
406,545,2007-01-27,2014-11-05
407,773,1995-02-02,2003-08-29
408,2986,1981-09-14,1994-09-09
409,988,1988-07-04,2002-03-19
410,2334,1988-08-31,1995-09-12
411,1000,1993-12-08,2003-09-17
412,1330,2006-07-07,2007-03-05
413,448,2002-09-12,2005-01-07
414,1460,1979-07-01,1981-06-23
415,569,1981-05-22,1984-12-28
416,756,1977-12-25,1982-04-23
417,232,1987-01-25,1996-04-30
418,657,1983-04-09,1996-01-25
419,93,1983-05-23,1990-03-12
420,2458,1980-01-16,1980-11-14
421,2312,2012-04-08,2017-03-29
422,2283,1972-02-08,1983-04-01
423,2351,1966-11-03,1979-11-07
424,2680,1965-06-25,1973-10-27
425,2924,1985-05-22,1992-02-06
426,60,1984-08-24,1985-04-01
427,421,1983-10-07,1998-02-06
428,1662,1977-01-27,1990-12-22
429,1474,2005-07-09,2016-01-07
430,2297,1960-12-29,1968-11-13
431,2366,2009-01-30,2016-06-05
432,97,1973-03-18,1976-08-15
433,1410,1968-03-13,1977-06-26
434,444,1985-06-05,2000-01-12
435,935,1966-06-18,1968-02-03
436,70,1978-05-10,1987-05-01
437,1276,1967-08-28,1972-09-26
438,1780,1985-08-21,1998-09-09
439,488,1982-05-22,1983-06-02
440,2375,1967-07-27,1974-04-12
441,1128,1999-11-06,2001-01-02
442,656,2015-02-23,2017-03-03
443,1618,1970-10-25,1971-05-08
444,12,2009-10-27,2020-07-10
445,2869,1966-05-21,1972-06-20
446,2632,1976-04-04,1984-08-14
447,762,1979-06-25,1989-06-01
448,31,2013-01-31,2013-09-30
449,2800,2000-04-16,2008-02-13
450,806,1995-10-25,2006-03-01
451,2125,1994-09-23,2009-02-07
452,218,1971-09-14,1977-11-11
453,1013,2004-02-25,2005-05-12
454,2656,2014-06-24,2019-11-01
455,1794,1998-12-23,2000-08-28
456,2186,1983-01-15,1989-09-05
457,2607,2011-02-02,2021-07-07
458,2311,1976-01-31,1989-11-19
459,2673,1967-04-27,1973-01-03
460,2857,1974-01-13,1981-09-17
461,1921,2009-01-29,2016-03-24
462,19,1975-04-05,1985-01-17
463,789,1989-10-21,2000-04-29
464,2563,1979-09-14,1993-02-03
465,2640,1964-01-14,1974-09-25
466,2810,1978-05-10,1987-04-30
467,2093,1973-08-18,1980-07-14
468,2482,1962-09-09,1971-06-25
469,2025,1973-09-21,1980-04-17
470,1937,1985-03-12,1989-07-15
471,2770,2000-05-21,2004-03-30
472,1550,2008-06-17,2017-11-08
473,2102,1973-10-20,1978-05-12
474,2151,2000-07-05,2011-07-25
475,782,1969-06-14,1982-01-24
476,1985,2006-08-04,2016-07-18
477,1946,1971-09-14,1975-01-10
478,2334,1969-03-11,1972-08-14
479,2895,1973-10-04,1981-06-18
480,179,1971-03-10,1985-01-20
481,214,1977-08-11,1987-06-30
482,743,1997-10-05,1999-06-26
483,1203,1983-06-13,1997-02-01
484,2410,1982-03-16,1993-10-14
485,994,1998-02-11,2001-03-02
486,323,1972-12-28,1985-06-22
487,1155,1986-02-15,2000-11-23
488,2062,1989-11-22,1994-12-21
489,2898,1983-10-10,1993-10-30
490,2480,1979-10-09,1992-08-24
491,716,2009-11-25,2019-10-25
492,2869,1972-07-05,1974-09-28
493,2173,1966-01-17,1966-05-27
494,1032,1974-07-27,1985-12-02
495,912,1977-10-01,1990-09-10
496,2608,1994-09-26,2005-03-03
497,1840,1989-05-04,1990-05-14
498,1497,1981-10-10,1992-11-19
499,1436,1963-12-31,1965-10-26
500,988,1979-07-24,1985-03-30
501,1872,1969-09-10,1971-06-14
502,528,1967-10-28,1978-11-13
503,2905,2000-04-27,2001-11-18
504,1426,1990-04-24,1993-04-23
505,760,1994-01-22,2006-11-29
506,376,1999-05-09,2000-12-25
507,50,1983-08-29,1988-06-07
508,811,2014-08-24,2017-01-25
509,2360,1989-03-16,1993-09-28
510,2452,1990-02-27,1997-03-30
511,371,2008-02-10,2012-07-10
512,1132,1986-05-16,1992-10-27
513,824,2019-03-20,2031-11-07
514,1305,1960-04-27,1973-10-20
515,475,2015-07-19,2023-09-27
516,1476,2003-11-28,2015-08-27
517,2370,1987-08-20,1994-05-30
518,309,2016-03-30,2024-05-19
519,2170,1997-05-18,2007-03-19
520,936,2019-08-17,2025-01-27
521,2874,1990-10-13,1994-01-24
522,1188,2004-05-28,2005-04-18
523,787,1998-06-17,2009-05-22
524,2505,1962-11-28,1963-10-09
525,1021,2010-04-10,2014-03-03
526,1429,1977-03-02,1985-04-03
527,75,1993-03-11,2006-11-05
528,675,1996-11-17,1997-01-25
529,1575,1998-12-13,2013-06-30
530,972,1970-12-03,1977-12-21
531,2318,1966-06-19,1980-07-10
532,1310,2019-01-19,2031-09-24
533,934,1993-08-26,2007-07-19
534,587,1967-05-23,1972-10-27
535,2337,1970-09-14,1979-07-06
536,1279,1973-07-19,1982-08-21
537,1917,2009-10-11,2010-01-14
538,2312,1977-06-03,1991-09-03
539,2800,1974-04-09,1978-01-26
540,1694,1997-07-03,2002-05-23
541,2031,2011-03-04,2016-03-21
542,1231,2004-12-10,2012-02-02
543,789,2012-03-25,2022-12-06
544,2858,1985-05-25,2000-04-29
545,1386,1960-04-23,1965-03-12
546,2980,1991-02-25,2005-02-27
547,2572,2003-01-13,2011-12-20
548,1472,1996-07-21,2006-06-29
549,1727,2012-05-14,2025-09-25
550,2205,1964-07-15,1965-10-25
551,1477,2013-05-14,2018-12-12
552,2722,2016-05-07,2030-02-13
553,395,1995-05-18,1996-09-13
554,1038,1980-09-08,1981-01-14
555,1517,1978-03-17,1988-10-07
556,1288,2004-08-09,2019-02-14
557,308,1993-01-18,1995-01-13
558,405,2006-07-01,2021-02-14
559,2186,1974-01-06,1984-11-10
560,647,1962-12-15,1973-10-26
561,2208,1961-01-01,1973-07-30
562,2230,1964-03-26,1974-10-08
563,2023,2013-09-15,2027-04-30
564,1642,1960-11-15,1965-02-27
565,557,1993-07-05,1995-11-16
566,1527,1997-06-20,2012-05-18
567,2095,1993-02-08,1998-12-20
568,2756,1973-04-09,1981-11-15
569,2806,1990-02-27,1999-12-22
570,950,1974-01-11,1986-07-23
571,2186,1999-08-31,2003-05-30
572,1267,1995-03-05,1996-09-15
573,418,2005-12-18,2013-06-01
574,1980,1987-11-14,1989-04-11
575,247,1998-02-10,2008-09-15
576,1608,1992-02-16,1998-09-07
577,1649,1969-05-15,1984-01-27
578,1399,2020-01-10,2031-03-21
579,2641,1975-12-12,1988-07-11
580,840,1981-03-17,1991-04-16
581,2267,2003-04-25,2008-04-22
582,2596,2016-05-26,2020-11-22
583,2373,1972-11-22,1978-11-19
584,23,2015-12-18,2021-09-09
585,499,2003-01-22,2008-10-07
586,1265,1964-09-02,1971-07-22
587,2339,1966-01-30,1979-11-09
588,1593,2011-09-21,2026-09-15
589,2300,1998-06-07,2003-01-05
590,971,1988-06-05,1990-02-24
591,780,1996-11-12,2000-06-16
592,1550,1971-07-21,1984-02-18
593,2159,1970-09-08,1974-05-12
594,1042,1997-12-16,1999-12-17
595,1631,2007-02-22,2016-03-17
596,2101,2010-01-03,2010-09-18
597,1742,1969-10-11,1972-04-04
598,1254,2017-10-13,2026-07-02
599,1964,1962-03-20,1965-04-26
600,1292,1975-03-17,1983-10-26
601,521,2013-12-31,2026-01-19
602,446,1967-07-21,1978-11-20
603,1931,1966-07-19,1970-01-17
604,2908,1976-05-12,1983-12-05
605,807,1960-04-10,1973-06-10
606,1172,2007-06-19,2018-11-14
607,1550,1985-06-03,1995-04-29
608,2298,1986-04-10,1999-12-14
609,1803,1969-04-18,1977-07-07
610,737,2005-08-23,2017-09-10
611,2807,2014-02-18,2015-12-08
612,2112,1993-10-04,1997-12-16
613,1971,1978-02-09,1980-02-22
614,2251,2002-09-10,2008-07-23
615,1998,2012-09-30,2016-03-16
616,2753,1969-12-12,1980-11-05
617,583,1969-10-25,1971-09-28
618,117,1991-10-31,2006-05-26
619,560,1981-03-24,1985-05-26
620,25,1993-06-14,1997-07-20
621,313,2001-08-28,2006-08-14
622,2475,1964-09-17,1975-08-31
623,1258,1990-05-15,1998-05-01
624,1526,1996-09-08,2000-12-11
625,1097,1999-12-04,2006-10-02
626,2713,1992-10-22,1997-09-12
627,2382,1962-12-08,1971-12-27
628,1235,2007-07-28,2012-03-27
629,934,2001-12-08,2009-03-29
630,1929,2008-03-06,2011-08-26
631,2841,1994-05-24,2000-07-04
632,2909,1969-08-19,1981-10-10
633,1800,1991-05-01,2002-11-08
634,2812,2013-09-04,2019-10-06
635,1712,1987-11-10,1997-06-27
636,2690,1973-01-21,1978-08-25
637,1400,1967-08-18,1970-10-04
638,742,1963-11-22,1970-12-11
639,1819,1981-12-10,1995-03-05
640,2151,1972-07-15,1978-03-19
641,2840,2004-06-23,2015-05-17
642,766,1994-08-18,2007-05-30
643,1000,1962-08-07,1975-05-04
644,444,1997-09-04,2006-03-16
645,1102,2009-03-27,2015-06-28
646,2075,1976-10-24,1985-02-22
647,1564,1999-01-02,2009-10-03
648,2069,1977-09-03,1992-02-18
649,463,1974-04-12,1977-05-18
650,2146,2010-01-12,2010-11-10
651,2234,1991-10-07,2000-01-19
652,2709,2012-08-24,2015-04-24
653,1377,2008-03-07,2014-08-06
654,2281,1968-09-23,1981-01-09
655,1061,2002-07-20,2009-06-21
656,1933,1988-12-08,2002-01-10
657,2113,2013-06-04,2022-03-31
658,1465,1971-05-14,1977-09-02
659,1606,1989-12-20,2001-10-31
660,2579,2006-05-27,2018-09-01
661,172,1991-04-07,2004-02-12
662,1460,2006-11-02,2007-10-16
663,1636,1964-03-26,1971-10-02
664,1504,1971-06-03,1978-05-10
665,112,1960-05-04,1960-08-19
666,2488,1978-12-09,1993-01-23
667,2982,1989-08-31,1996-09-05
668,2686,2002-07-12,2012-03-03
669,1506,2009-08-25,2018-10-13
670,689,1968-08-14,1975-05-31
671,2584,2011-11-17,2020-08-13
672,139,2018-03-16,2026-03-16
673,924,1970-03-19,1981-06-23
674,49,2018-10-28,2022-08-10
675,747,2003-08-17,2017-11-21
676,2971,1999-03-15,2006-04-28
677,1978,1960-10-29,1961-01-08
678,1345,2013-11-25,2016-03-24
679,1176,1965-03-08,1967-08-05
680,690,1991-02-16,2001-04-27
681,2488,2001-07-19,2004-06-21
682,692,1961-12-06,1975-05-07
683,737,1983-10-09,1995-05-29
684,2619,1961-08-20,1967-05-06
685,1054,1982-08-04,1991-06-02
686,171,1995-06-16,2008-01-27
687,2160,1989-09-17,1993-09-09
688,2063,2004-04-12,2018-07-02
689,2934,1974-08-22,1979-12-31
690,2371,2013-11-28,2017-02-11
691,882,2002-08-01,2010-08-13
692,1163,2006-03-29,2016-02-07
693,334,1964-07-03,1970-12-22
694,2263,2020-02-09,2022-03-24
695,2428,1968-02-19,1971-06-07
696,154,2019-08-27,2028-09-11
697,1399,1961-03-04,1962-03-11
698,2113,1975-06-10,1982-04-21
699,2257,1970-02-13,1975-06-08
700,2665,2016-12-11,2022-07-02
701,1136,1996-06-03,2009-12-19
702,2689,1985-07-01,1993-09-06
703,465,1989-10-17,2003-06-25
704,1236,1969-08-04,1970-05-05
705,644,2005-05-24,2008-07-02
706,1422,1983-11-27,1996-11-21
707,1348,1962-04-02,1974-07-03
708,596,1960-08-16,1973-09-02
709,1649,1981-09-23,1988-02-07
710,430,1987-07-15,2000-09-13
711,2913,1978-02-17,1980-02-20
712,1522,1969-03-23,1972-11-23
713,152,2013-01-16,2014-06-21
714,278,1982-09-27,1996-02-21
715,1899,2017-12-29,2032-02-10
716,436,1998-04-01,2008-01-24
717,2806,1965-08-29,1970-05-12
718,1839,2013-01-05,2013-07-14
719,300,1976-12-25,1984-08-03
720,1093,2009-06-14,2018-10-09
721,1163,2004-09-16,2009-08-01
722,1581,2001-12-04,2014-05-27
723,634,2006-01-27,2019-05-25
724,2845,1974-09-27,1982-02-14
725,907,1999-07-16,2010-10-11
726,2172,2005-03-30,2019-08-31
727,2969,1992-12-11,2005-09-07
728,798,2000-06-17,2002-03-07
729,1375,1964-09-24,1970-10-20
730,2068,1978-10-23,1986-01-02
731,1707,1991-03-17,2004-04-19
732,2762,2001-01-09,2002-04-21
733,1012,1990-02-22,2003-12-20
734,709,1966-07-21,1975-03-06
735,2170,1997-01-05,2004-01-29
736,540,1994-12-10,2000-11-16
737,1377,1988-12-14,2001-02-15
738,2790,2009-04-03,2018-03-24
739,792,1982-07-27,1985-12-19
740,1770,1995-04-12,1999-11-26
741,143,2008-02-25,2011-07-09
742,2986,2018-06-24,2025-09-20
743,2491,1969-10-01,1982-10-07
744,1587,1988-12-30,1990-02-02
745,23,2002-04-23,2004-09-12
746,655,1976-09-23,1983-02-11
747,622,1963-12-17,1964-02-02
748,801,1990-05-24,2004-03-02
749,418,2017-10-19,2020-08-22
750,2027,1963-10-27,1970-04-05
751,2598,2015-05-27,2021-05-29
752,2261,1977-08-02,1981-08-30
753,527,1987-02-01,1992-09-24
754,137,1990-07-15,2000-06-27
755,356,1998-07-04,2013-02-12
756,1347,2008-05-12,2015-08-01
757,1942,2013-01-23,2024-12-22
758,1181,1967-06-26,1971-08-15
759,486,2012-07-16,2025-02-28
760,2811,1964-10-18,1976-12-17
761,1376,2014-01-14,2017-04-01
762,2784,1970-06-09,1978-07-22
763,344,1967-07-13,1977-08-29
764,2482,1979-04-20,1981-11-29
765,2349,1998-07-29,2005-11-08
766,2259,1962-02-23,1969-10-24
767,178,2007-11-13,2010-10-23
768,1799,1969-04-08,1979-12-30
769,2513,1972-07-06,1973-04-14
770,1263,1990-10-07,1998-02-09
771,70,1992-03-09,2004-01-14
772,2465,1994-08-27,2007-04-16
773,2961,1989-08-19,2003-05-26
774,1984,2007-12-20,2008-09-15
775,654,1990-07-19,1992-01-06
776,1217,2007-05-03,2020-03-18
777,2943,1963-08-23,1967-02-06
778,879,2010-06-08,2019-09-27
779,851,2007-01-07,2012-12-30
780,66,2003-03-26,2005-02-06
781,2669,2001-04-23,2010-11-22
782,2740,1983-12-03,1993-07-30
783,2182,1971-06-06,1976-08-28
784,557,1992-08-08,1996-11-20
785,1912,1983-02-15,1986-11-30
786,232,1982-09-08,1987-12-17
787,455,2004-08-23,2011-10-03
788,2013,2001-08-29,2013-02-05
789,402,2005-09-07,2017-12-19
790,2855,1970-10-25,1984-07-28
791,1014,1961-09-09,1974-11-20
792,295,2008-02-05,2012-01-16
793,2359,2010-01-17,2010-10-15
794,383,2007-08-19,2014-07-20
795,2415,2019-01-05,2022-11-05
796,847,1963-05-03,1978-04-26
797,2333,2000-03-16,2009-08-09
798,1876,1975-04-27,1976-02-06
799,2502,1965-01-21,1968-09-01
800,2221,1988-02-21,1993-06-05
