1,1998-09-23,2001-07-12,12.208
2,1970-07-09,2099-01-01,18.252
3,2013-12-21,2031-01-26,10.699
4,2007-11-20,2008-01-06,14.345
5,1981-05-14,1983-09-01,6.744
6,1976-07-27,1986-03-02,20.448
7,1976-06-03,1991-11-17,16.742
8,2019-08-24,2035-02-21,28.761
9,1967-08-18,1972-09-27,27.121
10,2009-12-24,2020-04-09,30.499
11,1961-10-16,2099-01-01,21.968
12,1976-01-24,1988-02-28,13.31
13,1994-09-08,2009-02-14,14.541
14,1964-01-01,1972-05-16,5.197
15,2018-04-05,2024-04-03,16.513
16,2008-10-14,2023-09-07,20.871
17,1986-08-24,2001-03-22,18.288
18,1963-05-16,1975-06-30,20.26
19,2002-03-04,2011-01-09,12.849
20,1995-08-21,2099-01-01,9.557
21,2018-03-25,2019-11-02,22.686
22,2015-03-05,2021-04-16,23.419
23,2009-09-20,2021-10-07,20.775
24,1993-02-08,1998-01-17,29.137
25,1987-01-13,2099-01-01,18.365
26,1988-03-11,1992-05-01,24.821
27,1996-12-23,2099-01-01,25.684
28,1967-03-18,1978-08-30,9.831
29,1999-07-08,2001-12-31,30.116
30,1971-10-31,1991-10-04,23.418
31,1973-12-09,1993-03-10,21.919
32,2019-11-17,2037-02-21,17.985
33,2001-06-21,2016-06-02,18.997
34,1994-03-05,2004-06-07,12.116
35,1960-10-26,1976-12-29,16.058
36,1987-02-10,1991-03-29,16.491
37,1974-06-25,1991-12-08,12.292
38,1990-11-14,1994-10-23,5.006
39,1979-06-14,1994-10-28,19.083
40,2017-03-12,2019-11-03,22.109
41,1970-02-04,1977-09-23,13.952
42,1991-09-29,1992-05-02,2.916
43,1968-06-02,1972-11-17,24.543
44,1962-01-17,1974-05-12,12.142
45,2015-07-12,2099-01-01,13.217
46,1978-08-09,1981-11-05,25.76
47,1984-02-27,1984-06-06,12.891
48,2003-09-02,2011-02-07,15.014
49,2015-01-16,2016-10-01,20.291
50,2019-10-06,2099-01-01,19.966
51,1974-12-18,1993-06-05,20.266
52,2011-01-28,2029-07-01,25.688
53,1968-11-30,2099-01-01,3.224
54,1989-02-13,1991-04-29,3.757
55,1987-08-08,2004-03-01,10.069
56,1985-04-29,1986-03-09,30.481
57,2010-08-10,2099-01-01,29.807
58,1994-07-10,1995-02-17,21.477
59,1988-07-20,1990-11-01,11.657
60,2002-03-24,2004-06-26,14.279
61,1977-03-26,1985-03-27,16.132
62,1975-02-14,1991-11-24,11.678
63,2004-07-26,2016-12-14,27.537
64,2016-11-11,2017-04-24,10.143
65,2000-05-23,2008-01-09,23.949
66,2016-04-17,2036-01-02,18.903
67,1983-02-11,1995-03-25,5.168
68,2011-07-29,2029-06-03,16.891
69,2009-01-15,2024-06-26,9.09
70,1978-06-05,2099-01-01,15.041
71,1982-02-06,1994-02-20,14.608
72,1985-03-27,2099-01-01,20.418
73,2018-11-13,2031-07-30,6.69
74,2013-01-05,2019-06-22,25.053
75,2018-09-25,2099-01-01,3.349
76,1976-08-25,1984-09-23,14.752
77,2015-11-01,2016-08-07,16.929
78,1972-06-11,1976-09-06,10.412
79,2004-04-13,2010-10-18,17.232
80,2003-09-20,2019-11-08,22.558
81,2000-03-23,2018-04-01,23.336
82,2010-09-01,2023-11-01,28.633
83,1998-08-22,2011-09-26,19.033
84,2020-09-10,2026-01-04,29.548
85,1987-03-28,2099-01-01,10.006
86,1977-06-13,1996-01-12,13.487
87,1969-05-05,1974-03-11,10.101
88,1962-04-29,2099-01-01,18.761
89,1996-10-29,2010-07-30,5.167
90,2001-05-04,2001-11-22,29.201
91,2014-08-13,2017-05-03,20.407
92,2015-03-03,2016-12-26,4.178
93,1973-10-28,1985-09-24,21.563
94,2018-08-21,2027-08-04,25.557
95,1991-09-30,1998-12-24,11.549
96,1971-10-03,1986-11-15,10.691
97,2018-07-05,2020-08-23,5.325
98,1963-01-03,1979-01-31,14.243
99,1968-11-07,1971-08-10,27.108
100,2015-04-10,2032-01-06,3.841
101,1998-05-05,2016-07-13,24.691
102,2009-08-17,2013-06-16,6.675
103,2006-08-17,2026-07-05,18.566
104,1963-06-15,1969-12-01,28.664
105,1999-08-19,2005-08-30,12.874
106,1984-05-21,1999-03-10,7.068
107,2016-06-04,2031-03-18,24.321
108,2002-08-09,2018-02-01,13.075
109,2017-03-18,2025-03-12,23.193
110,2016-09-28,2017-11-09,30.328
111,1990-04-11,1991-01-28,23.832
112,2019-07-06,2028-05-17,16.298
113,2007-09-04,2015-02-27,5.842
114,1984-07-20,1994-02-02,15.728
115,1992-05-26,2002-07-14,2.678
116,1993-01-20,2007-06-19,18.787
117,1989-09-14,1990-07-04,14.359
118,1969-07-04,1984-06-23,3.099
119,1971-04-04,1982-02-10,6.483
120,1973-08-10,2099-01-01,12.521
121,1991-07-01,1997-09-26,14.993
122,2008-06-07,2018-10-08,10.031
123,1999-12-03,2099-01-01,3.093
124,2002-04-16,2099-01-01,24.689
125,1962-04-02,1969-07-16,21.457
126,1961-07-10,1961-10-10,21.072
127,2003-05-15,2021-09-26,13.562
128,2003-09-20,2017-06-12,18.016
129,2019-09-29,2028-03-10,25.404
130,1990-09-06,2002-05-17,14.526
131,1965-04-25,1978-10-17,15.631
132,2008-10-12,2018-09-24,11.152
133,1975-11-27,1978-01-13,19.696
134,2010-01-07,2027-05-15,4.256
135,2007-02-22,2018-04-16,29.781
136,1988-02-26,1999-12-18,9.811
137,2009-11-25,2099-01-01,13.49
138,1990-09-25,2006-02-05,19.063
139,1974-01-10,1992-09-23,20.766
140,2002-01-03,2016-09-28,22.779
141,1985-02-10,1987-03-25,28.883
142,1991-12-11,2002-02-07,17.878
143,1965-06-24,1968-08-26,27.106
144,1981-02-14,2099-01-01,26.31
145,1987-12-11,2002-01-14,13.105
146,2009-01-21,2014-10-01,6.306
147,1968-02-19,1977-11-17,7.636
148,2013-05-16,2031-04-27,15.042
149,1994-08-24,2011-06-24,26.713
150,1983-09-14,1996-08-07,23.181
151,1983-08-20,1999-05-01,10.534
152,1965-06-06,2099-01-01,21.328
153,2008-09-30,2019-01-08,28.189
154,1962-09-23,1979-06-16,22.288
155,1985-06-24,2099-01-01,21.01
156,1992-01-25,2001-04-30,21.45
157,1983-01-25,1995-05-15,15.384
158,1986-05-03,1989-05-02,13.916
159,1986-01-19,1992-07-28,27.163
160,1984-10-12,2003-06-17,11.461
161,2000-08-13,2002-09-06,11.213
162,1990-06-16,1991-04-13,16.593
163,2017-04-26,2023-01-09,4.821
164,1963-09-24,1969-12-14,10.004
165,1968-02-10,1983-10-16,3.241
166,2019-12-27,2026-03-23,18.623
167,1983-07-25,1995-07-08,5.338
168,1995-09-20,2007-06-16,2.966
169,1998-05-26,2010-02-22,9.383
170,1966-09-26,1980-09-14,27.14
171,2011-03-18,2021-04-04,6.878
172,1979-08-29,1995-01-18,6.064
173,1985-04-26,2003-10-13,23.336
174,2014-07-09,2034-06-23,30.167
175,1982-08-13,1984-07-18,21.811
176,1992-03-30,1998-09-26,23.47
177,2004-10-28,2010-01-28,13.953
178,1966-10-03,1975-05-22,17.861
179,1988-06-22,1997-05-29,6.375
180,1994-05-18,2001-09-11,4.937
181,1983-08-17,1984-01-22,23.111
182,2007-06-02,2009-05-10,16.234
183,2001-12-09,2017-01-15,3.782
184,2020-01-18,2099-01-01,8.932
185,2020-02-29,2032-03-06,16.139
186,1962-09-29,1970-03-04,30.103
187,1982-03-08,1989-03-21,8.366
188,1972-07-30,1982-05-07,13.643
189,1967-08-27,1978-05-24,24.741
190,1970-03-17,1984-08-30,6.187
191,1983-07-24,2099-01-01,7.97
192,1981-02-02,1991-08-08,9.871
193,1998-08-31,2009-10-31,8.326
194,1971-09-03,1985-05-26,2.521
195,1990-02-17,2006-08-03,28.944
196,2020-03-30,2032-06-01,4.329
197,2005-09-22,2016-08-31,15.513
198,1962-01-25,1966-09-17,9.288
199,2019-02-17,2031-07-13,4.738
200,1986-10-15,2099-01-01,21.065
201,1968-01-07,1970-10-27,29.339
202,1970-12-24,1971-11-05,4.001
203,1971-03-02,1980-05-30,25.517
204,1988-08-08,1993-01-17,18.392
205,1992-08-10,2002-01-19,4.437
206,1976-07-23,1990-10-04,23.574
207,2021-03-01,2041-02-12,9.988
208,1975-11-07,1983-11-16,22.806
209,1963-07-31,1965-07-08,24.007
210,1984-03-14,2002-03-22,18.245
211,2011-12-14,2099-01-01,15.152
212,2008-10-10,2017-05-19,14.183
213,1996-05-31,2010-05-06,22.716
214,2014-04-29,2030-11-24,28.65
215,2021-11-20,2041-05-26,3.702
216,1997-02-01,2016-09-26,18.845
217,1978-03-29,1980-11-12,17.257
218,2018-05-02,2099-01-01,14.041
219,1978-10-29,1989-12-03,14.268
220,2018-11-03,2032-12-20,10.72
221,1983-12-29,1986-11-09,13.853
222,1997-06-15,2008-04-09,11.708
223,2002-01-13,2012-12-28,11.925
224,1977-05-21,1985-12-06,17.134
225,1989-12-03,2008-08-24,22.926
226,2001-10-22,2012-05-25,8.834
227,1962-09-26,1977-11-05,27.523
228,1962-02-18,1964-02-01,16.143
229,1977-11-29,2099-01-01,17.078
230,1960-12-05,1967-03-23,17.85
231,1983-12-20,1989-03-11,21.262
232,1992-04-18,1996-07-31,23.524
233,1971-09-12,1988-11-14,27.067
234,1984-07-07,1985-10-09,9.3
235,1999-01-12,2005-08-06,23.409
236,1976-05-26,1982-04-14,8.175
237,2003-07-05,2020-12-25,15.735
238,1983-08-18,1991-04-03,14.398
239,2002-02-16,2009-09-23,14.622
240,1960-07-21,1977-08-20,6.582
241,2014-06-05,2031-11-17,30.128
242,2018-02-09,2019-12-09,11.501
243,2006-09-30,2022-08-18,16.613
244,1974-10-08,1975-08-01,18.422
245,1985-05-17,2099-01-01,8.341
246,2010-02-22,2029-02-25,20.893
247,1963-05-10,1968-02-09,25.341
248,2017-12-23,2020-03-10,4.384
249,2014-10-15,2026-09-29,29.411
250,1961-10-14,2099-01-01,16.77
251,2004-07-22,2011-02-24,21.456
252,2014-07-07,2031-05-10,28.069
253,1988-11-21,1992-01-16,18.856
254,1976-12-27,1984-07-20,2.545
255,1983-07-17,1996-06-21,2.599
256,2011-12-17,2021-02-03,20.782
257,1991-11-10,2001-04-18,14.38
258,1969-08-13,1976-09-26,24.724
259,1961-09-25,1961-10-02,12.382
260,1999-08-06,2099-01-01,26.3
261,1980-04-20,1994-11-27,27.958
262,1970-01-14,1977-03-09,22.693
263,2016-06-06,2023-08-20,16.922
264,2020-06-02,2032-04-10,15.155
265,2013-01-25,2029-05-18,24.8
266,2009-09-06,2017-07-16,24.521
267,1990-10-28,1996-12-25,10.055
268,1990-09-23,2005-10-08,18.704
269,1960-05-11,1974-02-23,11.71
270,2012-04-12,2015-05-28,27.168
271,1974-08-16,1991-06-23,15.021
272,1988-02-06,1991-08-02,20.198
273,1970-02-18,1977-03-26,4.623
274,1968-10-13,1980-12-12,21.979
275,1981-01-01,1989-09-29,18.185
276,2006-03-24,2013-08-10,7.916
277,2016-05-22,2030-05-11,15.274
278,2017-02-27,2028-05-14,30.373
279,1988-08-07,2007-09-17,19.784
280,1961-03-31,1972-04-14,18.133
281,1971-08-02,1973-11-02,22.38
282,2003-04-17,2009-03-26,11.924
283,2000-08-31,2003-04-14,15.432
284,1968-10-27,1981-09-25,27.312
285,2017-03-11,2024-08-16,10.525
286,2020-07-06,2026-11-30,5.907
287,1964-03-19,1977-02-27,2.624
288,1963-10-01,1964-02-07,21.963
289,1988-11-09,1995-03-26,20.061
290,2010-08-05,2099-01-01,24.932
291,2019-01-11,2036-05-07,27.309
292,1978-08-09,1994-07-07,8.948
293,2012-11-25,2024-05-03,26.395
294,1974-06-19,1987-04-15,10.525
295,1968-08-16,1985-09-10,29.642
296,2011-09-10,2022-07-22,12.535
297,1974-06-16,1988-11-22,27.845
298,2010-01-04,2026-12-23,3.869
299,2011-01-19,2021-05-05,19.651
300,1993-04-25,2007-08-10,18.247
301,1974-05-06,1984-07-17,6.635
302,1986-09-30,1999-05-10,10.269
303,2008-06-03,2016-11-25,13.237
304,2007-03-03,2019-11-17,14.349
305,2002-01-04,2099-01-01,2.648
306,1985-11-25,1989-11-10,23.853
307,1961-03-02,1966-12-04,5.993
308,1978-12-03,1979-04-04,28.172
309,2015-07-16,2018-05-26,6.803
310,1977-02-14,1990-11-30,16.822
311,1988-11-08,2099-01-01,4.092
312,2017-03-19,2023-08-10,28.76
313,2011-01-05,2029-11-20,10.346
314,2001-03-06,2003-05-07,16.827
315,2007-05-31,2018-01-30,25.587
316,1960-09-04,1971-04-03,6.69
317,2014-06-17,2019-04-26,16.902
318,1979-07-15,1979-10-18,22.035
319,1974-09-11,1990-03-02,29.236
320,2013-06-28,2027-01-24,12.865
321,1963-12-22,1974-02-02,21.66
322,1962-06-25,1971-04-11,6.956
323,1968-07-01,1981-06-14,18.646
324,1975-09-17,1980-04-09,9.373
325,2012-09-16,2030-03-15,29.215
326,2002-12-19,2003-08-09,13.771
327,2018-02-11,2020-10-31,8.165
328,1978-06-25,1988-03-23,9.005
329,2015-11-07,2020-05-06,15.422
330,1993-06-13,1999-07-08,21.895
331,1979-05-03,1992-01-31,8.569
332,1986-06-20,1992-09-03,14.708
333,1969-08-19,1989-07-17,15.079
334,2012-04-11,2013-12-02,16.917
335,2007-10-22,2012-08-06,25.916
336,2020-01-01,2099-01-01,25.836
337,2008-02-13,2010-02-02,6.771
338,1986-12-04,1995-01-17,21.218
339,2001-03-15,2014-10-06,3.01
340,2013-11-17,2028-02-08,22.183
341,1971-01-08,1988-01-29,16.023
342,1986-10-12,1999-08-27,17.438
343,1971-01-08,1976-04-11,27.805
344,1978-05-13,1997-05-03,18.03
345,1990-10-03,1994-04-03,15.028
346,2010-08-19,2021-03-21,23.905
347,2012-06-28,2018-06-02,21.175
348,2015-07-11,2024-04-22,6.09
349,2016-12-17,2022-12-07,24.266
350,2012-07-02,2025-03-02,17.007
351,1984-08-13,1993-03-28,25.993
352,1972-04-02,2099-01-01,16.422
353,2013-12-24,2028-09-07,3.604
354,1975-12-11,2099-01-01,17.665
355,2005-05-20,2020-03-23,23.519
356,1993-03-21,2008-03-12,5.179
357,2003-06-08,2013-08-20,29.349
358,2016-06-06,2018-02-25,21.87
359,1960-01-15,2099-01-01,6.997
360,2018-05-04,2025-10-18,23.715
361,1989-03-15,2007-09-04,13.889
362,2005-12-09,2007-06-08,14.045
363,2019-12-27,2027-11-06,30.302
364,1966-12-22,1974-04-15,11.414
365,2002-07-12,2018-04-02,30.07
366,2011-07-16,2012-01-31,21.37
367,2020-09-16,2032-07-08,25.139
368,1974-03-14,1979-08-22,28.482
369,2021-02-13,2029-05-15,3.613
370,2015-02-16,2025-07-01,28.186
371,2017-10-04,2018-10-18,19.807
372,2003-06-19,2015-02-03,24.282
373,1976-10-05,1983-05-30,22.143
374,1987-09-18,1993-04-29,20.578
375,1998-05-14,2012-11-29,22.303
376,1964-08-06,1971-07-12,21.74
377,1984-11-26,2003-07-29,28.738
378,1971-10-26,1976-03-07,7.621
379,1990-11-19,2000-02-07,25.439
380,1973-05-21,1979-03-13,14.716
381,1998-12-09,2001-12-04,6.083
382,1997-07-13,1999-09-29,21.021
383,1977-12-20,1986-02-03,18.272
384,2009-02-19,2016-04-04,13.305
385,1990-04-30,1993-12-12,28.287
386,1993-04-13,1999-05-11,7.213
387,1964-06-11,1967-05-17,22.782
388,1981-06-17,1993-12-01,13.138
389,2001-10-25,2009-01-29,17.301
390,1982-09-07,1999-05-27,6.988
391,1970-09-25,1973-03-16,2.603
392,1961-03-22,1962-06-16,6.223
393,1997-09-06,2013-03-12,5.033
394,2013-02-09,2030-04-20,17.473
395,2018-12-19,2026-10-09,8.282
396,2004-11-22,2015-07-13,10.759
397,1984-05-21,1988-08-29,21.926
398,2008-12-11,2015-09-04,18.678
399,2002-04-03,2005-09-27,12.251
400,1992-04-26,1997-11-25,28.854
401,2021-02-22,2021-07-08,26.967
402,2006-09-14,2008-06-18,18.645
403,2015-07-14,2022-01-04,25.818
404,1976-04-26,2099-01-01,20.647
405,1968-07-15,1981-03-02,17.167
406,1994-06-09,2010-01-14,21.295
407,2001-11-06,2015-04-01,11.506
408,1987-10-07,1994-08-25,9.771
409,1986-02-01,1995-04-08,26.452
410,1960-01-15,1976-09-07,21.083
411,1988-12-14,1991-02-06,12.805
412,1975-07-04,1982-12-23,25.333
413,1963-12-25,1967-06-04,13.547
414,2018-09-22,2099-01-01,17.394
415,2013-10-16,2024-05-08,7.737
416,1963-09-18,1965-06-02,22.927
417,1993-02-21,2007-01-17,30.364
418,1964-04-13,1976-03-19,27.336
419,1990-02-05,2003-05-16,24.085
420,1989-01-04,2005-12-22,12.166
421,1966-10-30,1974-11-03,8.571
422,2008-09-24,2099-01-01,5.603
423,2017-08-15,2018-07-09,2.726
424,1988-07-11,1990-03-22,17.844
425,1973-10-05,1980-10-08,2.736
426,2020-12-04,2022-08-05,12.329
427,2021-07-06,2024-04-07,28.532
428,2004-06-28,2009-03-28,14.971
429,2011-09-21,2026-01-14,24.394
430,1994-10-14,2002-07-17,17.021
431,1968-01-08,1969-12-31,16.088
432,1962-02-20,2099-01-01,25.379
433,1981-12-31,1984-06-07,28.69
434,1979-07-30,1994-04-07,27.238
435,1981-08-06,1986-10-25,25.467
436,2000-10-12,2016-02-25,14.585
437,2010-01-19,2099-01-01,17.086
438,1996-07-22,2011-09-24,23.91
439,2022-04-20,2099-01-01,24.729
440,1992-10-09,1994-10-25,5.052
441,1977-09-05,1982-04-10,21.56
442,1967-07-09,2099-01-01,20.617
443,1989-07-13,2005-04-24,20.098
444,1967-07-17,1972-09-22,22.498
445,1967-09-01,1983-03-07,22.419
446,1960-10-24,1970-01-18,4.012
447,1967-10-18,1984-02-22,9.781
448,1972-09-08,1973-07-21,12.81
449,1971-10-31,1988-08-12,13.423
450,2016-05-25,2016-10-06,23.105
451,1975-07-17,1993-02-15,6.737
452,1986-02-01,1997-04-02,24.147
453,1982-12-09,1991-08-14,15.195
454,1988-11-04,2008-01-21,27.278
455,1967-10-22,1979-12-30,9.729
456,2000-10-12,2020-04-24,27.108
457,2020-07-09,2040-05-20,8.151
458,2015-09-30,2033-12-27,10.162
459,2006-03-12,2010-05-02,17.278
460,1997-12-08,2004-05-14,23.589
461,1993-06-25,1996-12-14,15.436
462,1983-02-27,1987-08-10,10.495
463,2015-08-27,2021-05-18,9.088
464,1963-04-23,1982-02-09,17.8
465,1989-05-12,1993-11-24,21.314
466,2012-09-03,2032-06-19,8.377
467,2021-04-23,2021-11-23,18.204
468,1990-11-03,2007-07-12,6.699
469,2021-06-18,2032-12-29,20.05
470,1997-08-28,2006-03-23,10.11
471,1968-01-08,1968-12-26,15.154
472,1974-10-30,1983-11-07,8.923
473,1975-03-01,1981-06-17,22.158
474,2006-08-20,2099-01-01,13.316
475,1976-03-06,1981-02-08,22.062
476,2019-09-03,2028-11-26,8.337
477,1973-10-22,2099-01-01,29.049
478,1990-10-27,2006-09-13,10.436
479,1978-12-11,1994-07-31,25.889
480,1991-06-27,2010-08-19,5.643
481,1983-09-05,1986-06-13,10.193
482,1982-06-27,1987-03-11,14.594
483,1988-02-14,1992-11-27,30.284
484,1994-01-29,1995-10-26,11.541
485,1993-04-21,1998-07-17,7.639
486,2002-07-27,2007-03-25,6.178
487,1991-02-22,1992-06-05,28.64
488,1991-03-19,2099-01-01,25.983
489,1990-09-29,2009-05-04,22.381
490,1979-09-17,1989-09-10,4.985
491,1964-11-12,1975-10-09,20.679
492,1989-04-21,2003-10-20,6.522
493,1963-03-28,1971-09-16,30.324
494,1973-10-01,1986-07-09,16.771
495,2001-10-23,2014-06-16,27.364
496,2016-10-02,2036-09-26,3.676
497,2002-08-04,2004-12-28,19.198
498,2007-08-20,2099-01-01,20.775
499,1962-11-19,1974-06-27,21.561
500,1991-09-02,2005-03-06,2.971
501,2014-04-22,2032-11-01,26.885
502,1977-01-22,1990-09-22,22.48
503,1969-08-21,2099-01-01,12.536
504,2008-04-15,2025-12-19,21.985
505,2008-03-02,2019-03-12,8.855
506,2003-04-06,2007-03-22,12.319
507,1992-06-20,2010-11-08,11.453
508,1963-09-17,1980-07-31,18.243
509,2009-12-26,2023-02-17,9.462
510,1967-12-13,1987-01-12,11.801
511,1971-02-16,2099-01-01,11.859
512,1999-01-23,2000-05-03,25.285
513,1991-08-01,2010-09-10,30.249
514,2020-03-08,2099-01-01,20.161
515,1966-06-09,1981-07-25,30.499
516,1980-05-22,1983-12-26,25.769
517,1979-01-03,1993-05-31,20.409
518,1988-10-15,1997-09-25,30.134
519,1963-03-13,1964-01-16,14.668
520,1977-02-23,1993-12-21,7.701
521,2017-06-05,2021-10-18,27.599
522,1987-10-16,1993-07-08,14.292
523,1973-02-12,1982-04-21,17.285
524,1970-03-05,1983-11-11,30.276
525,1995-02-24,2005-11-12,28.555
526,1971-03-08,1978-09-25,23.638
527,1993-09-16,1994-01-23,20.101
528,1997-09-29,2011-02-18,23.577
529,2003-11-17,2009-12-12,2.85
530,1976-04-08,1981-06-04,26.602
531,1976-07-22,1982-11-10,24.77
532,1997-07-02,2016-10-15,29.603
533,2013-07-25,2014-11-14,8.923
534,1974-04-25,1985-04-08,18.543
535,2019-03-19,2026-06-03,10.74
536,2006-03-08,2021-10-29,30.329
537,1962-07-12,1966-03-23,5.406
538,2005-10-20,2024-04-06,11.577
539,2021-02-02,2038-04-27,17.051
540,1973-07-06,1983-06-24,17.754
541,1962-02-26,1968-06-22,27.761
542,1973-11-01,2099-01-01,13.625
543,1960-02-05,2099-01-01,21.585
544,1979-10-18,1996-08-10,10.472
545,1984-03-12,1987-07-19,20.031
546,1977-09-26,1984-01-23,16.149
547,1989-07-22,2004-08-13,29.593
548,2017-05-27,2035-06-11,29.472
549,1985-08-22,2099-01-01,22.089
550,1997-01-22,2005-08-26,19.331
551,1962-04-01,2099-01-01,27.983
552,1995-11-20,2000-03-14,27.003
553,1996-07-19,1997-01-25,16.862
554,1982-11-21,2002-10-05,24.409
555,2019-12-12,2029-01-05,2.6
556,1991-12-19,1997-04-17,11.738
557,1964-08-18,1972-05-22,15.229
558,1982-10-20,1996-03-09,22.713
559,2010-08-11,2026-01-28,10.862
560,1965-09-26,1966-10-12,22.665
561,2003-01-08,2099-01-01,19.755
562,1994-06-29,2004-12-11,18.729
563,2015-01-27,2099-01-01,16.351
564,2020-09-17,2032-02-13,14.138
565,2002-07-21,2005-01-16,2.816
566,2011-06-09,2018-08-15,9.127
567,1966-03-31,1973-11-09,17.668
568,1999-05-10,2003-06-22,21.647
569,1964-03-27,1981-01-19,21.467
570,1980-11-01,1988-08-20,13.007
571,2002-11-17,2005-04-02,10.575
572,1969-06-02,1979-09-01,6.789
573,1963-07-01,1968-12-15,22.227
574,2006-05-03,2099-01-01,11.719
575,1986-04-13,2003-10-05,8.394
576,2002-07-29,2010-08-01,29.228
577,1989-10-02,1999-08-24,5.187
578,2014-05-12,2028-01-12,3.697
579,2011-07-25,2016-01-04,26.349
580,1964-01-27,1979-02-25,19.378
581,2005-01-16,2014-09-13,24.244
582,2012-02-20,2021-11-29,11.043
583,1982-07-29,1988-03-06,23.757
584,1993-02-20,2007-03-30,9.86
585,1974-03-30,1977-02-14,29.791
586,1982-09-18,1994-10-16,6.676
587,1989-07-09,2008-03-13,14.898
588,2008-02-27,2022-10-20,14.119
589,1992-12-17,2000-05-10,6.308
590,2011-09-17,2016-12-26,22.184
591,2016-01-14,2034-04-06,18.928
592,2006-07-15,2009-04-10,19.673
593,2016-12-27,2036-08-24,20.959
594,2018-04-14,2029-06-04,30.122
595,1997-09-14,2003-12-02,10.486
596,1997-10-17,2002-07-19,13.385
597,1979-09-03,1999-06-10,28.913
598,1993-07-18,2005-07-05,4.103
599,1989-02-22,1993-03-28,15.198
600,1970-04-18,2099-01-01,22.52
601,2000-12-30,2016-02-10,8.497
602,1997-07-20,2002-04-14,23.681
603,1971-05-31,1977-10-17,15.781
604,1981-12-16,1997-10-13,4.342
605,1977-04-18,1996-01-22,27.782
606,2016-08-08,2021-08-28,11.371
607,1996-04-23,2009-10-19,27.936
608,1990-07-24,1993-03-03,23.454
609,2018-05-25,2032-03-06,28.166
610,2010-10-26,2019-01-10,11.292
611,1984-07-15,2099-01-01,6.621
612,1970-12-17,1982-05-12,24.678
613,1991-12-04,2000-12-24,6.451
614,1988-01-31,2099-01-01,27.259
615,1982-07-10,2099-01-01,4.17
616,1980-02-20,1988-06-18,28.244
617,1997-01-24,1997-02-27,6.865
618,1988-12-06,1990-10-24,13.516
619,1968-05-27,1980-08-13,21.645
620,1978-01-26,1983-07-20,22.623
621,1986-10-26,2000-04-04,29.035
622,2006-05-16,2019-09-28,26.62
623,2020-06-07,2032-06-06,7.847
624,1989-05-17,2099-01-01,24.414
625,2008-06-24,2023-05-13,13.244
626,2014-02-22,2029-02-28,23.488
627,1985-03-28,2000-09-17,6.228
628,2012-08-21,2026-01-27,26.852
629,2005-01-17,2099-01-01,25.26
630,1978-09-05,1980-11-12,25.012
631,2004-10-21,2020-10-23,22.229
632,1966-03-05,1977-08-19,2.975
633,2002-01-21,2021-04-20,24.688
634,2000-11-18,2011-08-08,30.449
635,1991-08-08,1998-07-09,15.545
636,1972-07-04,1978-01-11,21.727
637,1972-05-20,1978-06-21,4.403
638,1995-09-30,2008-03-17,4.778
639,1966-08-30,1974-05-11,22.261
640,2009-09-07,2020-02-24,7.73
641,1998-11-19,2099-01-01,19.447
642,1978-06-30,1988-06-04,15.103
643,2002-08-08,2020-04-04,25.163
644,2007-12-11,2011-09-15,4.441
645,1964-01-25,1975-11-27,29.06
646,1971-12-31,1974-02-16,27.532
647,1965-08-03,1983-07-03,27.816
648,2005-10-12,2019-03-25,8.757
649,1991-09-30,2003-04-29,17.367
650,1985-01-14,1990-02-07,10.223
651,2014-02-08,2027-08-01,9.531
652,2008-11-10,2014-11-16,26.134
653,2012-02-22,2025-05-28,27.521
654,2020-07-25,2023-12-17,8.359
655,1993-05-26,2010-08-19,25.771
656,1962-06-01,1972-12-28,13.14
657,1978-06-26,1987-08-29,20.185
658,1972-07-13,1987-11-10,6.221
659,2015-04-19,2033-07-14,16.342
660,2020-09-22,2028-05-05,22.885
661,1982-03-02,1994-01-29,27.826
662,1969-04-07,1975-12-05,2.871
663,1965-09-23,1980-11-10,5.801
664,1986-02-24,1991-07-06,16.896
665,1994-11-05,2014-03-06,21.036
666,1999-08-06,2007-11-30,24.413
667,1984-02-03,1990-05-02,18.803
668,2003-07-03,2016-01-19,25.395
669,2003-06-10,2008-10-14,26.844
670,1982-04-14,1988-10-27,13.177
671,1992-12-10,2008-06-08,21.205
672,2007-12-05,2016-06-29,25.848
673,1972-01-02,1987-10-06,10.836
674,1981-02-15,1991-06-14,15.996
675,1969-11-11,1988-10-11,16.469
676,1968-09-20,1982-09-11,20.631
677,1977-07-20,2099-01-01,9.202
678,2018-12-28,2028-10-23,26.853
679,1964-04-03,1978-11-05,15.381
680,2014-10-03,2026-03-21,15.297
681,2008-01-04,2016-01-25,20.526
682,1961-01-15,1965-07-19,18.977
683,1992-12-24,2003-09-08,4.983
684,2014-01-18,2033-11-26,23.457
685,2013-05-10,2028-12-05,25.035
686,2021-10-20,2040-12-12,12.409
687,1980-11-05,2000-03-10,17.505
688,1993-10-31,2001-09-06,6.369
689,2005-01-16,2024-07-01,9.411
690,1981-01-28,1990-03-04,8.529
691,1969-04-01,1970-05-16,3.203
692,1978-05-14,1985-01-24,23.196
693,1997-08-27,2011-08-31,22.635
694,1994-01-07,2099-01-01,11.957
695,2005-03-17,2016-05-24,7.425
696,1968-03-24,1971-09-03,16.295
697,1966-01-31,2099-01-01,23.908
698,1989-02-21,2007-08-20,28.636
699,1983-04-20,1988-05-17,22.596
700,2011-03-23,2024-06-09,27.682
701,2014-07-12,2030-09-27,22.363
702,2018-08-13,2037-12-14,7.678
703,1995-08-22,2099-01-01,8.897
704,1982-04-13,1996-04-06,8.691
705,1961-05-25,1967-04-30,4.292
706,2015-08-13,2024-06-13,21.363
707,1982-06-14,1991-06-14,6.279
708,1988-07-31,2003-08-03,13.826
709,1965-03-31,1966-06-18,14.135
710,1970-03-31,1985-01-21,21.207
711,2004-10-26,2013-05-13,27.022
712,1987-06-23,2002-08-01,23.65
713,1983-06-01,1999-01-26,6.394
714,2005-09-28,2007-01-29,13.556
715,1961-05-19,1965-02-13,16.669
716,1982-11-29,1989-04-12,7.03
717,1997-07-10,2007-02-25,17.758
718,1963-06-02,1982-12-08,29.084
719,1984-08-03,1998-07-20,21.737
720,1979-06-25,1983-10-30,12.119
721,1986-02-01,2003-06-05,5.375
722,2012-08-22,2021-07-01,17.009
723,2019-01-15,2025-11-20,15.565
724,2016-10-08,2099-01-01,16.516
725,1963-12-31,1972-02-11,29.89
726,2007-06-26,2019-10-05,14.928
727,1986-12-15,1991-09-11,3.669
728,1971-11-05,1989-03-20,3.415
729,1969-12-14,1973-09-03,4.378
730,2007-03-19,2022-05-08,7.158
731,2000-02-20,2003-04-18,6.223
732,1961-02-04,1974-10-16,27.495
733,2001-08-29,2016-07-26,23.6
734,1973-06-05,1989-12-15,20.972
735,1972-10-16,1989-10-03,12.254
736,1960-06-04,1978-03-28,6.861
737,1982-03-21,1990-04-15,11.301
738,1965-07-31,2099-01-01,13.192
739,2004-02-19,2009-03-07,19.05
740,2001-10-28,2012-05-12,12.853
741,1978-08-28,1987-12-31,11.01
742,1980-04-25,1993-03-14,26.007
743,2002-02-10,2008-03-25,4.581
744,1987-07-13,2099-01-01,29.593
745,1998-12-20,2018-08-03,12.798
746,1968-08-14,1975-09-01,3.719
747,1971-04-18,1986-03-22,13.395
748,1997-01-10,2008-02-19,17.25
749,2021-08-15,2033-10-21,5.202
750,1988-06-28,2099-01-01,27.935
751,2013-07-04,2016-04-26,8.699
752,1980-02-07,2099-01-01,28.61
753,1967-01-07,1986-06-16,6.959
754,1996-08-04,2014-02-08,23.713
755,1970-02-19,1972-05-14,25.975
756,1997-04-24,1997-06-25,21.101
757,1979-03-08,1993-08-22,22.512
758,2020-09-24,2033-03-12,12.747
759,1968-12-09,1971-08-14,12.766
760,1961-01-25,1963-03-07,17.163
761,2022-01-28,2034-04-20,18.623
762,1975-11-12,1990-03-05,7.155
763,1999-01-08,2009-04-11,28.508
764,1976-01-26,1985-11-13,7.03
765,2020-07-23,2032-11-24,14.31
766,1983-10-22,1998-05-03,4.623
767,1991-06-10,2007-04-21,11.727
768,2006-08-17,2007-03-23,22.063
769,1999-04-01,2002-02-14,22.522
770,2020-10-25,2030-12-14,17.5
771,1982-04-12,1986-06-26,19.619
772,2006-09-22,2010-04-07,7.369
773,1977-01-13,1989-08-11,18.033
774,2002-12-01,2020-06-02,28.799
775,1972-05-15,1986-10-24,25.37
776,1969-05-24,1988-03-15,9.877
777,1998-01-30,2001-08-18,22.755
778,2010-09-24,2020-10-31,3.444
779,1981-01-11,1996-03-13,7.424
780,1977-05-04,2099-01-01,24.882
781,1968-03-19,1979-05-29,2.64
782,1988-11-26,1990-06-07,16.192
783,2021-02-07,2023-03-20,2.731
784,1962-09-25,1967-03-24,11.086
785,2013-01-02,2032-06-21,6.139
786,1983-06-11,1997-06-25,7.506
787,2015-07-28,2033-05-25,14.628
788,1976-09-03,1986-06-14,16.29
789,1965-06-11,1980-09-20,3.025
790,1969-03-19,1974-10-21,15.889
791,1974-03-24,1984-11-03,3.402
792,1966-09-22,1979-01-23,11.862
793,2001-10-11,2021-05-15,5.762
794,1999-08-04,2014-10-16,10.491
795,1995-03-05,2005-08-21,11.613
796,1968-11-30,2099-01-01,5.749
797,1991-04-17,2010-07-27,12.862
798,1995-02-12,2007-10-19,11.248
799,2007-01-03,2017-10-03,24.98
800,1984-07-26,1997-09-16,10.201
801,1987-07-14,1997-08-24,13.056
802,2009-04-03,2025-05-19,22.868
803,1994-08-02,2002-06-03,5.853
804,2022-04-17,2039-02-14,12.168
805,1994-06-26,2099-01-01,7.09
806,1966-09-10,1971-08-20,13.674
807,1967-12-19,1977-06-30,12.571
808,1987-06-16,2007-05-27,6.571
809,1971-01-08,1971-04-01,27.072
810,2000-07-28,2007-05-30,5.23
811,1969-04-26,1982-11-07,23.26
812,1987-10-16,2001-07-05,13.856
813,1990-06-27,2000-11-16,5.354
814,1974-12-24,2099-01-01,21.989
815,2004-09-02,2014-07-18,11.635
816,2021-11-08,2022-11-23,26.134
817,1961-07-24,2099-01-01,25.17
818,1987-09-11,1997-03-22,27.375
819,1992-03-21,2006-11-12,11.764
820,2020-05-24,2028-07-14,13.976
821,1997-08-14,2004-04-24,11.9
822,2016-04-08,2035-05-31,8.044
823,1975-08-13,1988-02-03,14.768
824,2011-04-26,2027-05-05,12.521
825,2011-06-02,2016-01-30,27.334
826,1977-10-02,1982-12-31,16.838
827,2013-02-12,2017-03-15,12.114
828,1965-04-21,1983-06-15,19.703
829,1966-03-10,1975-12-19,10.875
830,1998-06-09,2011-02-21,23.307
831,1996-06-11,2000-10-31,19.432
832,2018-04-07,2026-07-08,25.678
833,2004-10-26,2007-12-24,13.321
834,2013-01-28,2016-04-02,29.738
835,2004-08-28,2022-08-22,24.003
836,1963-04-25,1972-01-17,13.527
837,2003-08-12,2099-01-01,15.348
838,1974-11-13,1975-05-04,20.632
839,1969-07-04,1974-05-08,10.345
840,1997-01-15,2012-08-26,27.506
841,1978-12-27,1989-07-24,17.32
842,2012-08-02,2018-11-26,28.153
843,2004-01-15,2016-03-11,23.477
844,2020-12-26,2036-01-03,2.619
845,2011-11-14,2027-06-09,25.196
846,1974-08-24,1974-09-18,14.678
847,1995-03-06,1995-11-18,16.709
848,1975-11-01,1981-03-02,17.156
849,1968-09-05,1981-10-09,21.671
850,1999-03-16,2018-03-06,10.469
851,2019-04-07,2022-10-19,24.63
852,1994-05-31,2003-08-06,29.654
853,1961-05-21,1967-03-16,15.415
854,1990-03-05,2002-10-18,7.441
855,2011-04-17,2028-05-06,10.444
856,2011-04-09,2029-11-30,22.177
857,2012-06-17,2027-10-30,2.677
858,1975-06-20,2099-01-01,12.12
859,1993-08-07,2009-04-26,7.566
860,1964-12-14,1966-03-01,10.53
861,2005-05-30,2008-06-23,25.679
862,1967-04-17,2099-01-01,27.482
863,1963-11-30,1966-10-30,19.131
864,2009-11-12,2099-01-01,4.656
865,1991-06-17,2004-07-06,7.928
866,2020-03-26,2031-07-29,10.144
867,1973-08-11,1980-10-24,28.551
868,1984-08-18,1992-01-14,11.183
869,2007-07-21,2010-05-12,16.087
870,1972-01-26,1986-08-23,8.908
871,2004-07-04,2024-03-12,19.307
872,1978-11-08,1981-10-30,29.526
873,2014-06-09,2099-01-01,5.275
874,2020-08-28,2029-01-29,25.658
875,1975-01-10,1987-04-14,3.654
876,1987-07-29,2099-01-01,20.74
877,1976-05-26,1981-08-15,25.176
878,2020-01-15,2034-08-11,21.454
879,1993-01-20,1999-03-25,9.617
880,1975-12-03,1984-09-20,27.934
881,1963-11-01,1971-11-08,8.788
882,2021-05-31,2021-07-27,13.974
883,1979-01-27,1985-11-21,29.049
884,1993-04-24,2099-01-01,8.419
885,1988-04-29,2000-08-09,11.533
886,1976-12-15,1978-02-08,29.701
887,1995-11-25,2009-06-27,26.816
888,2014-08-13,2015-07-30,17.492
889,1962-09-25,1963-09-05,10.404
890,1971-01-08,1974-09-24,15.304
891,1969-10-31,1983-07-16,5.355
892,1987-11-09,2007-05-01,10.414
893,1968-10-15,1979-02-25,10.765
894,2016-08-14,2030-01-14,5.797
895,1988-08-21,1992-02-24,11.648
896,2001-11-27,2009-09-10,11.476
897,1972-10-07,2099-01-01,7.044
898,2011-03-30,2029-09-07,19.114
899,1999-10-25,2007-07-15,6.75
900,2005-06-04,2099-01-01,19.788
901,2012-12-01,2099-01-01,18.856
902,1993-12-15,2099-01-01,19.126
903,1998-04-30,2002-08-16,12.623
904,2004-09-06,2016-09-18,21.554
905,2009-06-10,2010-12-29,30.393
906,2004-02-09,2019-11-14,7.735
907,2006-02-25,2011-02-27,25.494
908,1979-05-04,1988-01-02,21.178
909,1980-05-05,1989-03-23,5.118
910,1999-02-22,2005-05-23,10.688
911,2005-11-03,2023-10-08,29.367
912,2021-09-16,2028-05-16,6.663
913,1968-05-30,1981-02-23,22.687
914,2008-07-21,2021-12-24,14.943
915,1973-07-19,1985-12-03,4.883
916,1985-12-05,2004-06-20,8.921
917,2001-01-10,2018-11-04,6.724
918,1995-04-28,1998-09-29,14.123
919,2003-11-10,2099-01-01,13.612
920,2019-10-24,2033-05-01,12.785
921,2005-04-07,2008-07-02,16.015
922,2017-02-23,2022-02-21,14.38
923,1983-08-15,1988-06-23,26.623
924,2012-09-11,2013-07-16,8.213
925,1987-05-07,1989-10-30,25.501
926,1982-01-03,1996-07-16,8.857
927,1994-07-15,2013-08-31,14.328
928,2015-12-14,2028-11-19,9.335
929,1973-06-20,1984-03-25,22.757
930,2017-02-20,2021-06-30,11.566
931,1980-10-05,1994-09-01,17.665
932,2014-12-07,2016-04-18,12.239
933,1960-05-25,1968-01-14,30.164
934,1971-03-03,1990-11-08,17.965
935,2010-09-22,2024-08-15,6.113
936,2008-11-25,2014-08-04,28.692
937,2016-12-05,2030-07-19,6.668
938,1964-06-09,1979-03-21,15.468
939,1971-05-07,1974-06-05,20.65
940,1996-07-13,2012-10-10,13.758
941,1970-11-27,2099-01-01,10.108
942,2018-12-04,2025-10-14,26.689
943,1971-10-07,1976-12-17,20.041
944,2020-07-03,2099-01-01,3.873
945,2005-02-27,2099-01-01,14.087
946,1970-05-23,1982-10-16,4.42
947,1982-07-28,2001-06-29,3.659
948,1979-01-28,2099-01-01,26.177
949,1989-02-02,1993-03-18,8.267
950,2006-01-23,2099-01-01,17.057
951,1963-08-30,1973-07-10,6.447
952,1974-04-17,2099-01-01,25.09
953,1985-02-23,2099-01-01,4.9
954,1982-05-14,2001-03-05,9.222
955,1989-11-29,2001-12-16,2.671
956,1988-02-29,1996-12-31,12.217
957,1986-04-16,2099-01-01,16.896
958,2000-05-18,2005-09-23,18.836
959,1976-02-12,1982-04-02,8.831
960,1981-06-15,1985-04-04,12.044
961,2002-03-21,2010-02-16,20.052
962,1962-09-02,1979-03-10,13.083
963,2002-11-19,2099-01-01,16.138
964,1968-06-08,1985-09-06,2.81
965,1984-07-30,2000-12-01,15.955
966,1993-11-18,2099-01-01,15.521
967,2009-01-29,2021-08-27,7.559
968,2009-10-11,2025-03-05,19.288
969,1988-04-03,1995-01-07,28.724
970,1961-07-07,1973-01-13,9.678
971,1989-05-27,2002-06-07,23.089
972,1973-06-20,1981-04-15,29.233
973,1969-03-12,2099-01-01,2.805
974,1980-12-06,1984-05-29,28.388
975,2009-07-23,2026-02-15,22.023
976,1969-04-22,1979-07-27,20.012
977,1960-08-08,1962-03-19,3.611
978,1987-10-03,2003-03-04,10.606
979,2010-07-18,2016-04-15,16.919
980,2020-01-12,2035-07-29,2.52
981,1969-11-13,1989-03-27,3.511
982,2016-04-15,2030-04-17,24.678
983,1984-03-02,1985-06-26,20.492
984,1974-06-22,2099-01-01,17.422
985,1981-05-10,2099-01-01,5.343
986,1960-11-29,2099-01-01,12.486
987,1972-07-19,1991-10-25,20.587
988,2011-09-07,2025-10-29,14.593
989,1979-05-28,1982-04-24,8.344
990,2018-03-19,2031-09-08,28.126
991,1981-08-05,1994-01-31,13.469
992,2016-06-12,2099-01-01,4.082
993,2009-11-21,2024-11-06,29.474
994,2019-11-07,2020-10-13,9.476
995,1971-07-05,1977-11-20,21.83
996,1999-11-11,2008-06-04,5.182
997,2001-04-18,2019-09-17,28.362
998,1968-12-23,1980-12-30,19.12
999,1962-07-07,1970-05-28,10.824
1000,2010-12-16,2022-01-12,12.191
1001,2021-01-02,2030-01-13,11.213
1002,1997-03-24,2000-02-24,28.684
1003,1960-08-10,1972-05-15,11.144
1004,1994-02-19,2011-09-30,17.978
1005,1968-10-08,1974-11-28,17.517
1006,2009-03-27,2022-09-29,7.95
1007,1977-06-20,1991-04-02,6.705
1008,1971-09-23,1987-08-30,12.653
1009,2004-04-08,2021-10-13,7.336
1010,1976-02-17,1992-03-31,22.982
1011,2018-07-20,2020-05-20,28.656
1012,2019-08-22,2023-03-13,4.75
1013,1960-12-11,1965-05-26,8.971
1014,1998-03-04,2012-02-20,4.611
1015,1997-06-06,2000-11-24,23.855
1016,2009-02-03,2014-07-02,5.637
1017,2015-04-30,2018-09-13,24.932
1018,1964-09-27,1966-05-10,25.795
1019,2009-05-28,2010-07-17,25.459
1020,1972-05-17,1979-05-16,18.02
1021,1968-12-21,1981-01-30,3.077
1022,1994-10-08,2013-02-03,27.471
1023,1984-10-30,1994-08-12,25.608
1024,1994-12-21,2013-10-03,12.235
1025,2008-11-22,2099-01-01,28.335
1026,1979-01-25,1986-01-26,22.909
1027,2010-03-17,2013-01-26,11.641
1028,1982-08-17,2002-01-09,10.925
1029,1983-06-25,2099-01-01,14.929
1030,2000-06-24,2005-12-19,7.647
1031,2017-05-07,2035-04-26,26.73
1032,1986-12-21,2099-01-01,27.452
1033,2011-07-15,2022-04-07,19.8
1034,2015-03-27,2029-11-29,3.22
1035,2013-04-29,2020-04-20,24.051
1036,1968-10-04,2099-01-01,22.56
1037,1993-06-09,2000-11-20,22.104
1038,2009-05-28,2099-01-01,30.131
1039,2016-08-17,2034-11-17,17.401
1040,1998-02-20,2014-12-02,23.05
1041,1992-03-29,2008-03-01,24.615
1042,1960-03-22,1972-10-03,12.505
1043,1970-01-10,1982-12-17,22.446
1044,2020-08-29,2032-11-22,19.165
1045,1972-02-12,1976-05-30,30.005
1046,1962-08-22,1967-03-17,14.275
1047,1962-04-02,1966-03-10,4.4
1048,1993-09-13,2005-12-07,20.279
1049,1982-05-01,1989-04-24,2.948
1050,1995-05-28,2005-01-03,29.555
1051,1996-11-22,2009-06-10,24.136
1052,2011-12-03,2014-05-29,15.879
1053,1996-01-26,1997-04-05,19.903
1054,1970-08-31,1988-06-13,14.571
1055,2016-04-19,2020-06-06,13.063
1056,1990-01-06,1992-03-13,11.28
1057,1971-01-01,1980-12-07,13.513
1058,2000-11-11,2010-03-28,27.018
1059,1970-09-25,1982-04-10,11.104
1060,1964-07-30,1979-01-28,28.451
1061,2021-08-21,2031-07-25,22.215
1062,1978-10-06,1981-10-01,28.107
1063,1978-12-15,1984-09-18,7.487
1064,1976-08-10,1993-01-28,18.534
1065,1981-05-22,1984-11-03,28.693
1066,1983-03-11,1986-08-09,5.717
1067,1964-02-11,1980-03-14,28.556
1068,1973-07-04,1983-11-06,4.793
1069,1978-06-03,1986-02-18,6.173
1070,2009-10-08,2011-01-18,24.393
1071,1960-07-31,1980-01-28,13.03
1072,2003-04-11,2010-04-18,6.409
1073,1995-10-01,1997-11-19,8.68
1074,2018-09-07,2028-06-21,18.94
1075,1982-11-20,1987-04-04,25.667
1076,1989-03-08,1995-09-01,25.875
1077,2015-04-16,2026-03-29,5.344
1078,1981-05-08,1992-03-25,4.142
1079,1984-03-12,2002-07-22,22.139
1080,1980-08-06,2099-01-01,8.557
1081,1982-12-31,2001-09-08,16.596
1082,1960-02-07,1978-08-20,19.422
1083,1985-09-14,2003-02-21,27.252
1084,1982-12-16,1983-11-17,20.462
1085,2017-06-21,2029-08-25,22.273
1086,1987-03-28,2005-02-09,26.541
1087,1983-09-24,1993-02-11,26.616
1088,1996-10-19,2005-04-10,25.462
1089,1990-08-27,2001-04-03,22.086
1090,2012-12-31,2023-06-21,23.311
1091,1984-03-11,1998-02-17,22.391
1092,2001-01-29,2001-03-14,13.592
1093,1982-12-25,1987-02-13,10.489
1094,2012-05-18,2025-11-13,8.637
1095,2012-04-27,2029-07-28,14.696
1096,1981-10-20,1992-10-09,7.687
1097,2004-01-19,2020-07-29,7.062
1098,1976-06-08,1977-10-02,21.464
1099,1987-12-21,1992-10-06,5.988
1100,1977-10-12,1996-08-28,20.247
1101,1990-06-11,2008-06-02,13.056
1102,1985-03-08,1992-10-22,12.812
1103,1963-06-06,1975-12-19,29.949
1104,2000-10-20,2009-06-07,5.68
1105,1995-11-10,2013-04-28,12.719
1106,1973-12-06,2099-01-01,7.904
1107,1977-12-16,1992-03-06,3.247
1108,2000-07-20,2011-07-14,20.873
1109,2002-07-24,2099-01-01,25.8
1110,1995-02-01,2004-09-15,14.176
1111,2015-11-18,2034-07-23,18.38
1112,2012-04-07,2024-10-03,14.982
1113,2013-01-24,2099-01-01,15.468
1114,1997-06-23,2001-04-07,19.164
1115,2007-05-25,2025-08-14,28.779
1116,1993-07-10,2008-11-20,3.272
1117,1983-01-21,1998-06-13,26.69
1118,2014-06-15,2014-12-31,22.053
1119,1975-09-19,1985-03-31,18.906
1120,1995-04-11,2002-06-15,17.272
1121,2019-01-02,2023-08-08,26.338
1122,1995-12-26,1997-03-21,5.347
1123,2020-12-28,2021-11-02,9.149
1124,1982-08-03,1999-04-12,21.811
1125,2009-04-12,2016-08-31,14.269
1126,2015-03-20,2030-08-28,3.754
1127,2019-09-03,2020-05-03,17.943
1128,1987-07-01,2099-01-01,30.338
1129,1961-10-25,1975-11-02,8.905
1130,1996-09-13,2004-09-17,25.787
1131,1979-01-24,1983-03-21,26.03
1132,2010-06-03,2028-09-17,15.442
1133,2006-03-15,2016-08-11,11.938
1134,1982-03-15,1999-04-01,18.952
1135,1997-11-16,2011-08-20,12.755
1136,1983-02-21,1996-05-19,14.654
1137,2003-01-05,2003-12-13,8.941
1138,1999-05-20,2014-08-25,24.341
1139,1981-12-23,2001-04-24,8.236
1140,1998-04-29,2004-06-28,25.214
1141,2015-01-07,2025-01-30,18.892
1142,1990-12-01,1994-07-20,4.961
1143,2014-06-19,2099-01-01,4.28
1144,1973-01-21,1979-09-16,10.39
1145,1961-09-24,1967-07-14,22.848
1146,1999-10-23,2002-05-24,18.736
1147,1995-07-22,2003-02-16,9.486
1148,2012-03-07,2021-05-10,13.761
1149,1997-03-16,2011-08-27,29.268
1150,1963-11-11,1972-06-07,21.145
1151,1982-01-22,1991-04-17,13.892
1152,2007-08-19,2020-11-09,9.998
1153,2003-02-27,2014-04-22,8.483
1154,1976-06-09,1994-11-23,14.66
1155,1967-02-21,1973-02-06,27.58
1156,1991-04-05,2009-06-10,3.649
1157,1960-01-28,1964-04-14,13.555
1158,1996-05-10,2014-10-03,24.774
1159,2021-11-05,2024-03-16,23.06
1160,2018-06-02,2019-09-13,17.192
1161,2006-11-07,2008-11-08,11.611
1162,1995-07-31,1996-10-08,5.296
1163,2012-03-04,2014-03-30,28.125
1164,1996-04-12,2010-10-29,6.66
1165,1961-10-08,1973-12-02,3.975
1166,2007-11-06,2019-01-29,20.419
1167,1963-03-04,1969-10-25,18.478
1168,1972-10-14,1992-03-31,17.533
1169,1988-01-03,1993-05-22,21.14
1170,1974-12-23,1992-04-23,28.513
1171,1979-10-21,1980-02-29,13.012
1172,2000-02-12,2014-11-15,4.388
1173,2009-10-22,2012-05-21,11.641
1174,2006-12-01,2021-11-26,4.09
1175,1982-12-13,1987-03-25,8.084
1176,2015-09-16,2023-02-18,26.639
1177,1979-07-14,1983-08-21,15.624
1178,1974-04-01,1992-10-22,14.336
1179,1985-01-27,2002-05-02,5.738
1180,1986-10-12,2005-10-18,8.428
1181,2004-08-18,2099-01-01,27.916
1182,1972-05-10,1975-12-17,6.644
1183,1961-12-21,1978-08-18,14.955
1184,2021-09-15,2031-11-17,5.911
1185,1962-10-14,1976-02-15,4.422
1186,2004-01-09,2007-08-25,18.262
1187,1995-07-22,1999-04-11,25.613
1188,2016-05-05,2016-07-22,3.747
1189,2015-12-22,2019-08-11,2.814
1190,1995-09-19,2010-10-24,22.748
1191,1995-07-05,2006-05-29,28.322
1192,1963-07-31,1969-01-31,18.014
1193,1994-12-28,2011-03-05,8.478
1194,2007-06-13,2025-09-02,14.928
1195,2001-11-17,2099-01-01,18.743
1196,1964-04-11,1975-01-16,13.649
1197,1982-03-27,2001-12-31,5.619
1198,1978-05-17,1988-01-02,26.177
1199,1977-11-29,1989-02-26,19.491
1200,1963-08-13,1973-09-22,24.55
1201,1990-09-01,1993-12-03,12.639
1202,1995-08-26,1999-05-20,26.577
1203,2018-01-12,2027-04-06,25.085
1204,1963-01-06,1964-12-22,14.562
1205,2016-05-03,2023-08-23,29.981
1206,2018-05-10,2032-06-05,3.978
1207,2016-04-21,2024-05-20,18.033
1208,1960-01-18,1979-12-14,26.371
1209,1969-11-30,1970-05-03,4.126
1210,1960-10-09,1964-01-29,15.616
1211,1981-11-12,1985-10-28,3.11
1212,1965-04-10,1969-07-30,6.593
1213,2017-03-26,2033-09-16,21.209
1214,1982-04-10,1989-06-20,18.642
1215,1977-03-14,1983-01-03,9.263
1216,1973-10-01,1981-09-25,3.957
1217,1976-04-06,1983-08-26,5.261
1218,1962-06-29,1972-08-03,5.848
1219,2012-02-10,2016-04-16,21.826
1220,1998-10-16,2099-01-01,8.767
1221,2002-04-23,2006-10-17,27.611
1222,1996-03-20,2010-02-28,13.864
1223,1983-05-23,1991-05-14,11.094
1224,1967-05-28,1980-01-29,3.881
1225,1998-11-04,1999-05-14,13.036
1226,1967-04-12,2099-01-01,3.802
1227,1971-09-04,1972-09-27,14.538
1228,2004-10-30,2006-04-18,10.184
1229,1986-07-15,1989-05-27,23.233
1230,1995-06-14,2010-08-12,25.601
1231,1995-06-29,2012-09-16,2.819
1232,2000-03-10,2002-10-14,12.24
1233,1962-07-11,1963-11-01,8.444
1234,1985-11-24,1986-12-09,25.523
1235,2007-11-10,2024-03-25,19.846
1236,2015-11-05,2031-08-18,7.415
1237,1963-06-12,1979-02-23,2.672
1238,2006-10-25,2099-01-01,16.67
1239,1962-05-26,1976-12-29,3.181
1240,1969-11-26,1980-05-04,17.738
1241,1983-08-03,1999-07-28,9.875
1242,1986-11-09,2004-12-07,5.467
1243,1986-12-22,1991-10-25,20.671
1244,2001-09-15,2003-08-07,13.182
1245,1963-09-04,1975-10-24,28.465
1246,2012-07-17,2020-10-19,27.051
1247,2015-01-16,2099-01-01,7.444
1248,2016-08-05,2029-01-14,10.818
1249,2022-01-03,2023-07-09,8.987
1250,1965-06-15,1983-10-19,6.167
1251,1987-11-15,1998-03-26,17.311
1252,2011-07-02,2016-10-01,22.701
1253,1983-02-04,1999-09-05,15.74
1254,2012-02-14,2027-04-13,17.635
1255,2017-05-13,2032-02-12,20.944
1256,1966-08-13,1972-05-02,9.572
1257,2008-08-04,2013-12-17,30.221
1258,2005-08-01,2008-09-15,4.317
1259,1991-07-08,2005-06-26,27.747
1260,1970-08-05,1974-06-09,8.362
1261,1978-09-12,1994-12-08,7.208
1262,2009-01-01,2018-01-06,6.522
1263,2022-02-03,2023-09-29,19.032
1264,1972-07-03,2099-01-01,16.614
1265,2004-01-28,2022-04-27,11.013
1266,2016-11-02,2031-08-20,20.704
1267,2009-07-17,2018-07-26,22.255
1268,1987-08-10,1988-04-14,28.391
1269,2005-06-05,2025-04-04,20.858
1270,2004-10-02,2013-03-07,8.036
1271,2017-04-06,2033-07-10,15.988
1272,2013-11-09,2017-09-15,9.08
1273,1993-10-01,2008-10-21,20.972
1274,2008-05-18,2014-11-08,16.95
1275,1986-12-17,1997-01-17,21.504
1276,1974-08-31,1982-10-16,26.841
1277,1961-02-16,1975-07-29,10.674
1278,1963-10-07,2099-01-01,21.994
1279,1984-11-21,1993-03-16,29.487
1280,1983-11-11,1999-05-09,3.689
1281,1972-07-22,1990-05-22,18.898
1282,1984-08-26,1999-07-06,22.186
1283,1994-02-21,1997-09-24,10.84
1284,1999-01-27,2099-01-01,5.489
1285,1992-02-08,2005-09-12,28.913
1286,1970-04-25,1985-02-26,22.611
1287,1977-08-25,1986-03-18,27.365
1288,1961-02-17,1978-08-26,25.131
1289,2011-01-20,2026-02-11,29.987
1290,2001-11-23,2002-04-10,5.783
1291,2011-02-16,2029-09-09,18.415
1292,1983-11-20,1996-07-06,28.016
1293,1975-05-14,2099-01-01,7.044
1294,2005-05-11,2010-12-17,17.246
1295,2018-12-11,2038-05-19,28.675
1296,2014-08-15,2029-07-09,5.758
1297,2015-01-06,2031-05-25,13.043
1298,1960-05-22,1980-04-20,12.911
1299,1997-09-10,2005-08-07,7.039
1300,2002-12-22,2099-01-01,3.173
1301,2000-02-24,2014-08-30,15.88
1302,1977-11-05,2099-01-01,4.005
1303,1981-02-27,1984-01-12,10.197
1304,1978-02-16,1986-12-25,29.734
1305,1970-08-07,1974-12-18,22.887
1306,1992-11-16,2006-02-21,9.955
1307,2020-04-28,2020-10-14,17.815
1308,1977-06-02,1985-02-02,9.591
1309,1973-04-04,1989-09-19,11.419
1310,1967-10-12,1975-02-07,11.799
1311,1996-08-16,2013-08-20,15.227
1312,2012-07-19,2022-12-26,3.445
1313,1981-02-05,1990-04-15,30.257
1314,1977-11-20,1986-11-30,17.117
1315,1973-06-07,1975-04-29,3.186
1316,1968-10-17,1980-06-03,26.545
1317,1974-07-04,1975-12-27,3.28
1318,1965-09-09,1971-06-28,27.826
1319,2010-07-04,2022-10-23,23.127
1320,1973-12-02,1976-07-23,3.517
1321,1962-03-23,1972-11-29,7.148
1322,1960-05-09,1967-09-27,4.123
1323,2019-01-23,2030-07-05,27.368
1324,2011-09-20,2027-03-20,3.895
1325,1969-05-31,1977-12-29,24.826
1326,2010-09-10,2028-09-09,2.544
1327,1973-04-23,1987-03-26,14.324
1328,1981-01-14,1984-11-18,24.439
1329,2000-11-04,2015-12-02,19.967
1330,1982-01-07,1999-07-31,7.368
1331,1964-08-20,1983-07-30,23.819
1332,2004-11-24,2099-01-01,7.547
1333,1971-05-26,1989-02-18,28.049
1334,1992-03-29,1994-01-22,23.081
1335,1961-10-05,1964-06-13,25.243
1336,1976-05-17,1987-01-03,26.161
1337,2008-02-18,2023-12-19,25.789
1338,2001-09-28,2020-12-27,26.319
1339,1966-06-12,1969-12-29,29.955
1340,1962-12-25,1974-07-18,13.531
1341,1985-02-18,1985-12-09,17.066
1342,1972-05-01,1973-06-08,18.872
1343,2001-03-12,2099-01-01,8.22
1344,1970-01-11,1972-04-10,24.627
1345,1991-08-02,1999-05-25,14.63
1346,1974-09-29,1987-12-05,3.593
1347,1983-10-11,1996-05-12,15.795
1348,1977-02-26,1994-05-15,27.744
1349,1969-02-26,1969-06-06,10.237
1350,1999-06-14,2006-06-24,21.331
1351,2015-11-29,2023-11-12,12.148
1352,1980-07-12,1987-11-18,6.194
1353,2022-01-11,2033-07-15,16.588
1354,1996-07-12,2004-09-24,15.172
1355,2019-08-13,2034-07-31,17.832
1356,2005-12-19,2006-11-16,26.043
1357,1968-11-14,1986-11-13,25.622
1358,1962-09-26,1980-11-09,10.454
1359,1987-04-06,1996-02-29,8.574
1360,1993-05-08,2003-06-12,17.876
1361,2001-08-13,2007-01-25,24.815
1362,2009-11-27,2023-10-10,27.933
1363,2018-04-19,2025-07-01,23.63
1364,2006-04-21,2016-04-15,5.524
1365,1965-03-22,1976-08-08,27.003
1366,1963-09-11,1970-09-15,12.536
1367,2011-06-18,2017-08-07,10.029
1368,1980-01-20,1998-11-19,18.524
1369,2002-01-13,2010-01-21,25.793
1370,1968-01-01,1977-05-10,28.94
1371,2001-02-12,2008-09-12,2.909
1372,1979-10-03,1985-11-11,16.579
1373,1972-12-30,1978-04-02,24.134
1374,1960-03-18,1975-09-18,26.608
1375,2011-09-04,2026-02-13,16.482
1376,1967-04-23,1971-06-09,17.014
1377,1985-03-05,1985-05-18,8.457
1378,2016-01-22,2016-05-26,15.103
1379,1988-05-20,1996-03-23,2.529
1380,2020-01-04,2034-09-30,8.914
1381,1974-05-06,1985-07-13,6.237
1382,1992-12-18,2000-06-19,9.238
1383,1964-02-22,2099-01-01,20.649
1384,1988-04-20,1993-08-04,16.545
1385,1974-05-19,1979-05-22,15.336
1386,2011-01-10,2024-07-09,12.174
1387,2017-03-17,2025-04-09,9.375
1388,1960-12-19,1963-06-13,27.533
1389,2002-01-31,2018-11-29,30.161
1390,1993-07-05,1997-02-16,26.731
1391,1977-01-20,1980-04-06,5.782
1392,2016-06-06,2017-10-29,3.53
1393,1971-12-29,1985-02-24,29.871
1394,1969-07-16,1979-06-18,11.665
1395,1995-12-23,2005-01-21,29.919
1396,1976-03-06,1988-12-16,20.743
1397,1989-03-10,1991-10-24,23.513
1398,1969-12-03,2099-01-01,5.033
1399,1963-01-04,1970-11-18,21.248
1400,2009-07-28,2099-01-01,12.559
1401,1962-07-10,2099-01-01,22.905
1402,1985-03-19,2099-01-01,29.507
1403,1996-04-30,2007-05-21,7.727
1404,1970-11-02,1977-10-02,29
1405,1977-12-11,2099-01-01,4.652
1406,1973-03-27,1988-11-26,7.129
1407,1965-02-21,1981-05-10,29.098
1408,1961-07-10,1970-02-15,8.094
1409,1961-03-30,2099-01-01,24.089
1410,2013-07-17,2014-11-21,13.618
1411,1972-05-18,1980-09-06,15.526
1412,2014-02-14,2099-01-01,21.462
1413,1991-09-23,2009-03-03,11.873
1414,1978-05-11,1991-07-20,29.422
1415,1979-07-14,1986-06-12,28.424
1416,1997-09-29,2008-07-09,3.362
1417,1984-04-09,1992-02-28,29.078
1418,1982-01-23,2099-01-01,12.957
1419,2019-12-20,2099-01-01,14.638
1420,1986-06-25,2001-03-10,20.466
1421,1962-05-27,1964-06-01,23.154
1422,1989-10-10,1997-12-30,2.817
1423,2018-04-04,2029-04-20,15.048
1424,2002-09-24,2006-08-24,11.002
1425,2010-02-11,2099-01-01,24.094
1426,1996-08-03,1998-04-01,9.359
1427,1965-05-31,1979-09-27,5.887
1428,2013-04-10,2017-02-10,6.738
1429,2000-11-26,2003-11-11,7.633
1430,1983-08-17,1989-10-14,19.357
1431,2010-02-13,2022-07-26,10.385
1432,1968-09-07,1983-12-09,8.141
1433,1996-04-25,2008-04-11,19.743
1434,1990-12-16,2004-03-12,21.448
1435,1988-11-04,1993-02-13,26.237
1436,1979-02-23,2099-01-01,8.165
1437,2011-02-13,2013-07-30,28.452
1438,2000-11-18,2018-09-16,10.164
1439,2009-10-24,2018-04-26,18.02
1440,2016-09-28,2099-01-01,6.707
1441,1960-03-04,1973-12-20,20.682
1442,1962-08-04,1976-02-12,6.121
1443,1993-10-01,1999-07-19,19.995
1444,1966-04-02,1977-12-03,3.161
1445,2018-09-28,2024-06-07,12.796
1446,1961-08-29,1979-04-26,26.066
1447,1987-08-13,2099-01-01,10.913
1448,2001-08-25,2014-06-21,30.456
1449,1993-03-22,2002-11-07,3.317
1450,2019-03-14,2024-09-18,30.366
1451,1991-12-11,1995-08-05,19.54
1452,2017-06-19,2021-09-10,7.755
1453,2010-01-31,2014-05-04,26.107
1454,1986-05-31,1986-08-11,7.439
1455,1978-06-16,1981-05-04,23.77
1456,1962-09-02,1982-02-14,10.804
1457,1962-04-03,1974-09-20,5.436
1458,2001-07-27,2014-11-27,21.44
1459,1973-12-25,1983-10-08,5.97
1460,1996-03-26,2015-12-29,4.985
1461,1971-12-09,1972-11-24,13.445
1462,1996-02-10,2002-05-20,20.116
1463,2020-04-09,2037-01-21,18.72
1464,1964-03-28,1974-05-24,12.748
1465,1992-04-16,2099-01-01,25.838
1466,2021-09-14,2033-07-24,17.871
1467,2006-07-21,2018-07-07,5.674
1468,1982-07-09,1996-01-13,18.383
1469,1987-05-15,2004-01-20,28.691
1470,1965-03-23,1975-12-06,17.33
1471,1979-02-13,1986-05-17,11.738
1472,1993-12-24,2099-01-01,6.298
1473,1969-06-01,1986-07-09,6.251
1474,2003-03-16,2003-12-10,22.37
1475,1960-01-25,1968-11-15,29.442
1476,2000-12-05,2016-10-05,10.868
1477,1990-10-23,1994-12-14,10.043
1478,1980-09-03,1994-11-03,30.086
1479,2001-05-27,2004-02-26,4.216
1480,2014-07-01,2028-05-19,19.71
1481,1982-06-30,2000-07-10,25.462
1482,1991-10-08,2006-12-14,3.705
1483,1995-10-20,2013-08-19,4.992
1484,2004-09-05,2018-04-14,18.109
1485,1988-08-28,2099-01-01,25.286
1486,1974-09-28,1987-08-19,20.625
1487,2010-11-13,2012-11-06,8.909
1488,1993-03-07,1998-10-04,21.638
1489,1985-03-21,1993-08-26,23.819
1490,2014-09-23,2025-04-19,27.993
1491,1977-10-13,2099-01-01,25.397
1492,2008-12-11,2009-08-26,23.233
1493,1971-08-03,1981-12-04,10.534
1494,2018-07-29,2021-12-14,8.067
1495,2013-12-06,2026-11-12,4.773
1496,2009-10-16,2025-08-14,20.823
1497,2015-12-10,2033-07-07,28.317
1498,2009-05-25,2011-07-22,9.732
1499,2005-06-15,2099-01-01,5.507
1500,2009-10-02,2019-09-04,25.606
1501,1961-07-29,1969-10-07,15.54
1502,1998-01-19,2015-06-28,23.891
1503,1976-07-17,1988-11-10,10.144
1504,1999-11-06,2001-09-03,19.718
1505,1977-11-23,1993-03-11,29.511
1506,1962-01-22,1971-03-17,16.349
1507,1974-01-07,1986-01-25,15.949
1508,1970-08-25,1987-08-24,24.53
1509,2021-08-20,2029-10-06,26.024
1510,2009-08-24,2023-11-19,5.815
1511,1994-08-03,2001-08-17,5.178
1512,1971-10-16,1980-09-07,13.574
1513,1977-04-28,1995-05-02,5.354
1514,1988-12-02,1994-10-22,8
1515,1984-02-04,2003-02-09,27.627
1516,2019-06-18,2021-12-23,12.774
1517,1990-07-19,2003-02-11,16.238
1518,2020-05-14,2099-01-01,24.343
1519,2017-08-30,2036-02-25,24.722
1520,1985-06-06,1989-04-05,20.34
1521,1985-07-06,1993-07-10,10.474
1522,2014-01-04,2019-01-28,12.245
1523,1964-12-19,2099-01-01,5.333
1524,1993-07-23,2008-04-22,17.702
1525,2020-09-07,2023-12-18,2.806
1526,2009-03-10,2014-10-31,28.476
1527,2001-10-24,2003-06-20,22.602
1528,2000-10-12,2004-01-30,27.796
1529,1994-01-11,2010-03-04,5.401
1530,2019-11-26,2032-08-24,12.449
1531,1963-10-18,1968-05-16,25.935
1532,1979-07-29,1994-05-23,24.746
1533,1995-04-23,2099-01-01,16.962
1534,1978-03-19,1982-05-25,22.294
1535,1995-12-09,2099-01-01,12.394
1536,1979-12-03,1994-05-22,15.354
1537,2001-05-25,2015-11-19,17.739
1538,2019-11-17,2034-09-28,18.778
1539,1972-08-28,1990-12-01,25.878
1540,1985-07-07,1991-07-28,16.741
1541,2003-08-24,2018-08-29,5.808
1542,2002-10-07,2009-11-01,16.493
1543,1975-07-09,1978-03-23,7.867
1544,2016-11-20,2033-07-31,17.151
1545,1986-01-03,2000-12-14,26.923
1546,1999-10-16,2017-07-18,6.65
1547,2004-02-04,2009-05-27,29.859
1548,2010-08-15,2029-05-08,10.457
1549,2005-11-10,2025-07-21,9.198
1550,2018-01-08,2034-09-27,23.302
1551,1964-05-22,1970-11-03,4.774
1552,2010-12-16,2014-08-12,28.04
1553,2021-08-11,2029-08-14,15.103
1554,1966-05-08,1985-05-04,2.655
1555,2010-05-01,2017-03-07,22.746
1556,1996-11-26,2006-09-23,20.991
1557,1985-02-23,1988-06-06,14.115
1558,1974-03-17,1988-08-01,10.45
1559,1972-09-28,1977-01-05,14.905
1560,1967-06-10,2099-01-01,22.089
1561,2016-09-06,2032-03-21,22.359
1562,2021-03-10,2026-08-20,9.892
1563,2013-12-13,2017-04-15,26.956
1564,1988-01-29,2099-01-01,10.809
1565,1989-07-31,1990-02-12,3.747
1566,2004-09-17,2009-12-21,18.943
1567,2013-04-25,2020-12-22,7.123
1568,1970-07-11,2099-01-01,14.99
1569,2013-11-05,2014-11-14,13.763
1570,1982-01-01,1988-05-23,5.683
1571,1999-07-24,2099-01-01,7.092
1572,1975-07-11,2099-01-01,17.252
1573,1984-02-14,1990-04-20,28.064
1574,1981-05-18,1988-10-04,6.089
1575,2006-05-28,2099-01-01,21.928
1576,2004-12-23,2022-08-28,28.81
1577,1975-10-03,1994-07-17,16.087
1578,2018-06-27,2019-11-14,28.509
1579,2002-10-18,2009-01-01,8.912
1580,1970-01-16,1987-10-08,15.649
1581,1988-07-17,1992-10-19,28.361
1582,1966-05-02,1978-04-18,24.457
1583,2019-09-08,2036-07-21,20.186
1584,2009-04-05,2024-12-03,8.988
1585,1980-12-05,1995-02-10,9.613
1586,1992-05-30,2007-11-06,21.54
1587,1975-02-17,1991-04-11,3.163
1588,1986-03-29,1992-08-19,23.517
1589,2015-07-24,2018-09-24,18.343
1590,1973-03-14,1978-01-17,23.85
1591,2003-01-09,2013-06-13,11.494
1592,1987-05-16,2006-04-01,25.221
1593,2006-03-25,2012-11-04,12.427
1594,1996-04-12,2005-03-13,9.129
1595,2014-07-22,2021-03-19,6.404
1596,1978-08-27,1998-01-01,20.321
1597,1967-01-18,1978-08-10,25.887
1598,2007-06-03,2021-01-06,7.993
1599,1981-10-29,1990-08-27,7.834
1600,1963-02-08,1979-01-22,5.392
1601,1985-04-10,1986-11-16,9.253
1602,1977-07-16,1993-04-12,19.948
1603,1992-01-30,2099-01-01,7.018
1604,1989-11-17,2008-12-15,4.282
1605,2000-10-15,2014-10-26,25.94
1606,2014-09-03,2032-01-07,24.658
1607,1981-10-04,1998-07-18,8.817
1608,1993-08-23,1999-06-10,10.5
1609,1996-10-24,2099-01-01,12.798
1610,1960-02-11,1974-05-20,24.296
1611,2021-10-03,2029-02-19,23.016
1612,2013-01-18,2014-07-31,30.135
1613,2016-03-17,2022-12-27,19.308
1614,1961-05-19,1979-08-15,30.19
1615,1965-06-12,1968-12-29,5.555
1616,1995-01-24,2007-02-03,14.942
1617,1990-01-16,1990-05-22,25.08
1618,1987-10-21,2005-05-26,6.717
1619,1979-09-09,1986-08-18,15.343
1620,1985-11-07,1993-07-26,11.766
1621,2007-12-12,2022-07-13,20.288
1622,1964-02-22,1976-01-08,27.184
1623,1971-09-24,1990-08-16,23.145
1624,2021-09-30,2026-02-07,24.624
1625,1996-10-04,1999-07-25,23.144
1626,2003-08-15,2020-01-20,28.337
1627,1988-11-30,2000-08-22,24.391
1628,1966-08-05,1982-08-09,21.037
1629,2021-10-31,2033-08-06,15.933
1630,2007-04-02,2013-08-18,8.627
1631,1965-08-09,1983-09-03,17.042
1632,1981-03-02,1982-09-10,5.832
1633,2017-02-10,2025-04-09,3.136
1634,2013-05-24,2027-05-26,14.32
1635,1974-04-01,1983-10-16,29.283
1636,2019-04-09,2023-05-13,13.482
1637,1995-01-01,2006-03-22,22.674
1638,1975-02-12,1978-09-04,4.873
1639,2017-08-05,2021-12-13,10.616
1640,1962-07-05,1965-03-21,28.161
1641,2004-02-12,2011-03-19,30.19
1642,1972-01-11,1981-04-30,14.593
1643,2022-02-14,2025-03-14,11.349
1644,1988-04-24,1994-10-03,27.209
1645,2002-08-20,2018-07-15,12.687
1646,1979-06-12,1988-03-12,4.979
1647,1979-03-28,1980-11-26,13.17
1648,1998-08-27,2008-08-13,13.478
1649,1979-07-10,1994-02-17,11.148
1650,1966-04-29,1978-04-27,21.854
1651,1990-07-09,1999-06-24,13.517
1652,1974-04-04,1982-04-29,12.572
1653,2012-10-09,2099-01-01,3.759
1654,2015-09-06,2099-01-01,19.274
1655,2006-05-21,2099-01-01,14.003
1656,1996-04-25,2006-03-13,25.442
1657,1991-03-09,2011-02-03,12.702
1658,1994-01-15,2009-03-27,25.367
1659,1966-12-07,2099-01-01,20.681
1660,2021-09-24,2035-03-12,21.202
1661,1969-11-11,1988-08-19,10.909
1662,2009-07-17,2013-12-10,5.519
1663,1996-09-23,2010-09-01,6.715
1664,1971-12-27,1990-03-05,14.33
1665,2011-06-23,2019-10-07,17.372
1666,2017-02-12,2033-03-24,22.943
1667,1975-02-24,1991-01-23,13.049
1668,1991-05-22,2010-10-06,19.457
1669,2009-02-07,2020-10-03,17.412
1670,1969-04-02,1988-02-10,7.178
1671,1965-02-03,1979-05-15,16.298
1672,1982-10-28,1997-07-15,24.761
1673,2013-09-18,2027-04-19,3.813
1674,1993-01-24,2099-01-01,29.016
1675,1999-04-14,2017-08-10,9.027
1676,1983-08-16,2099-01-01,9.485
1677,1993-06-27,2012-10-01,18.272
1678,1983-03-11,1994-02-20,13.15
1679,2012-06-05,2016-05-13,28.622
1680,2004-07-01,2009-06-20,7.511
1681,1970-09-28,1981-08-03,10.01
1682,1994-12-01,2011-07-21,15.984
1683,1991-04-26,2099-01-01,17.733
1684,1965-07-23,2099-01-01,5.238
1685,2007-08-06,2012-08-16,20.51
1686,2000-07-04,2099-01-01,18.971
1687,1963-09-13,1979-09-10,29.352
1688,2013-08-14,2024-04-01,23.472
1689,1967-11-16,2099-01-01,15.582
1690,1992-07-23,2099-01-01,30.184
1691,1979-06-21,1983-01-30,14.619
1692,1982-09-21,1993-10-02,2.866
1693,2015-12-29,2033-03-05,4.497
1694,2009-08-03,2018-02-06,2.773
1695,1973-07-31,1984-11-18,6.514
1696,1992-05-25,2008-05-06,27.052
1697,2003-11-13,2014-02-11,5.692
1698,1990-10-28,1996-03-01,20.831
1699,2001-03-05,2013-03-13,8.481
1700,2019-03-30,2033-09-08,15.545
1701,1984-01-22,1996-03-23,20.933
1702,1992-07-03,1998-09-30,5.682
1703,2022-04-10,2099-01-01,6.786
1704,1979-10-29,1983-08-30,16.612
1705,2012-10-02,2020-03-01,11.483
1706,1976-08-10,1993-05-15,4.114
1707,1968-01-12,1986-06-28,16.927
1708,1982-02-17,1997-06-26,27.393
1709,2016-05-14,2023-07-10,21.775
1710,2013-01-29,2015-04-15,21.701
1711,1992-06-12,1999-12-08,7.799
1712,1968-01-29,1985-07-31,6.161
1713,1974-12-26,2099-01-01,16.867
1714,2016-08-18,2035-12-16,6.74
1715,2011-06-29,2028-07-08,25.777
1716,2016-09-19,2022-01-20,3.694
1717,2015-05-18,2021-08-12,13.139
1718,1996-06-12,2007-12-25,7.488
1719,1980-09-06,2099-01-01,20.614
1720,1976-05-03,1989-09-04,29.202
1721,1967-09-13,1968-05-23,11.704
1722,1989-01-04,1997-04-20,15.48
1723,1997-04-13,2099-01-01,6.855
1724,1997-10-11,2011-09-18,24.351
1725,1989-04-28,1999-03-28,13.702
1726,2015-12-11,2099-01-01,6.717
1727,1969-12-16,1985-01-05,3.73
1728,2001-04-28,2020-06-29,17.22
1729,2004-03-29,2023-09-27,14.931
1730,1983-04-25,1994-11-05,16.883
1731,1981-08-02,1993-03-27,25.941
1732,1975-05-15,1984-10-08,8.907
1733,1966-09-26,1982-03-17,10.367
1734,2001-11-20,2020-05-30,28.229
1735,2001-10-10,2010-05-01,5.021
1736,1985-01-24,2002-07-13,19.89
1737,1964-02-28,1967-12-24,7.29
1738,2003-06-16,2014-10-04,18.364
1739,1980-07-09,1994-04-19,19.888
1740,1982-07-30,1995-06-26,21.298
1741,1991-05-17,1996-03-18,15.033
1742,1992-02-23,1994-01-10,15.88
1743,1979-06-22,1986-05-02,26.933
1744,1983-10-17,1999-08-13,16.595
1745,2003-09-11,2023-02-24,7.504
1746,1972-06-10,1973-06-07,24.283
1747,1985-10-19,2001-03-13,15.605
1748,2002-08-18,2017-09-22,22.713
1749,1962-02-23,1975-09-01,15.076
1750,1994-06-07,2014-05-06,5.794
1751,1970-12-23,1980-01-11,6.054
1752,1967-02-11,1968-06-26,9.688
1753,1965-08-14,1966-12-26,11.023
1754,2014-04-09,2022-01-08,20.556
1755,2012-06-05,2025-02-23,18.607
1756,1990-04-14,2005-05-27,12.019
1757,1980-01-06,1982-12-13,5.635
1758,2010-07-27,2014-04-01,12.572
1759,1992-12-25,1996-08-22,20.16
1760,1968-02-05,1972-01-06,22.305
1761,1991-04-20,1997-09-16,5.931
1762,1990-09-05,2001-12-20,16.345
1763,1976-03-29,1986-10-07,19.161
1764,1995-05-01,2012-09-14,7.177
1765,2010-07-07,2030-06-03,23.619
1766,1986-01-07,2002-02-20,3.898
1767,1964-11-15,1971-04-22,25.223
1768,1977-07-30,1991-01-19,2.569
1769,1985-08-02,2000-10-27,7.187
1770,1964-07-14,1976-09-28,27.084
1771,1993-08-02,2011-02-26,8.819
1772,1972-08-22,1977-12-04,26.13
1773,2001-04-17,2002-08-15,17.153
1774,2004-06-25,2007-01-19,12.844
1775,1997-02-04,2014-08-11,19.721
1776,1968-10-06,1985-06-29,21.413
1777,2012-07-15,2031-05-07,10.92
1778,1972-04-17,1985-05-25,26.138
1779,1986-03-17,1990-02-25,27.558
1780,2022-01-02,2025-09-30,28.34
1781,1976-10-07,1991-05-29,10.907
1782,2012-04-04,2022-12-21,14.893
1783,1992-04-04,2004-12-22,14.34
1784,1978-09-14,1986-06-08,11.863
1785,2009-01-19,2026-12-08,11.667
1786,1976-07-21,2099-01-01,23.089
1787,2014-10-28,2020-07-09,10.744
1788,1981-12-13,2099-01-01,20.617
1789,1984-06-17,1999-01-25,13.439
1790,1989-11-22,2009-04-18,24.852
1791,1975-12-17,1984-08-20,13.787
1792,1972-06-19,1989-07-27,14.848
1793,1980-03-16,1987-01-04,2.65
1794,1967-05-24,1972-03-12,15.086
1795,2005-11-14,2017-02-13,15.27
1796,2011-09-18,2022-10-11,29.035
1797,1975-12-12,1985-02-24,16.186
1798,1992-07-15,1998-10-10,26.223
1799,1999-10-07,2099-01-01,21.977
1800,2010-11-19,2023-05-03,26.011
1801,1984-10-24,2003-11-01,16.984
1802,2002-09-22,2016-08-11,11.111
1803,1986-03-22,1995-10-23,15.327
1804,1979-01-07,1980-06-16,26.039
1805,2017-07-31,2021-10-15,25.316
1806,2004-11-12,2022-06-24,25.629
1807,1995-06-11,2004-07-17,5.775
1808,1985-11-15,1995-04-02,28.684
1809,1966-05-04,1979-04-27,24.023
1810,1992-08-08,1996-10-31,17.329
1811,1997-01-03,2099-01-01,11.245
1812,1988-11-15,1996-06-20,9.259
1813,1998-09-12,2007-04-19,12.866
1814,2007-10-03,2099-01-01,10.323
1815,2010-05-29,2011-05-11,23.995
1816,1996-06-27,1997-05-28,15.375
1817,1979-12-01,1989-06-02,5.172
1818,1994-02-21,2001-01-25,20.817
1819,1991-06-22,2000-12-09,5.682
1820,1994-02-20,2006-12-07,17.412
1821,1977-06-19,1980-07-01,26.989
1822,2018-07-28,2021-05-21,11.917
1823,2013-08-01,2019-09-06,10.197
1824,2013-11-17,2015-06-24,23.945
1825,2012-07-20,2012-12-22,9.11
1826,2021-03-01,2025-10-14,13.47
1827,2003-01-21,2013-09-22,7.177
1828,2005-02-16,2019-07-13,19.103
1829,1995-01-31,1995-09-26,28.177
1830,1991-04-03,2099-01-01,5.535
1831,2015-10-19,2099-01-01,22.889
1832,1969-05-14,1988-02-08,23.275
1833,1961-12-18,1964-04-11,9.755
1834,1991-08-16,2005-12-17,28.674
1835,1969-07-14,1977-09-21,17.941
1836,1966-03-01,1974-01-04,14.195
1837,2019-02-22,2038-11-14,13.665
1838,2007-10-21,2019-10-28,2.847
1839,1987-06-02,1992-12-30,20.732
1840,2001-07-30,2099-01-01,4.095
1841,1985-01-26,1995-11-27,27.337
1842,1986-07-02,2003-05-28,17.549
1843,2020-01-08,2021-05-28,19.676
1844,1992-06-21,1996-10-24,24.64
1845,2021-03-14,2032-12-27,19.578
1846,1982-05-15,1985-11-03,13.699
1847,1966-11-15,1973-02-26,25.203
1848,2014-07-11,2030-09-07,10.994
1849,2011-03-22,2021-01-19,27.651
1850,2006-05-22,2017-08-26,24.926
1851,1961-11-23,1968-02-01,2.722
1852,1983-04-05,1984-05-20,18.973
1853,2000-12-03,2012-03-17,19.322
1854,1969-12-31,1970-03-16,16.713
1855,1983-12-31,1993-06-10,12.104
1856,1991-01-28,2004-07-16,28.693
1857,1976-11-30,2099-01-01,12.712
1858,1964-12-18,1975-05-25,27.249
1859,1976-02-13,1981-07-03,23.764
1860,1989-12-11,1993-10-13,10.054
1861,1987-08-01,1994-02-27,6.852
1862,2008-09-23,2099-01-01,20.924
1863,1967-08-01,1977-09-26,30.471
1864,1986-04-28,1986-12-09,7.536
1865,2009-05-24,2022-03-05,21.765
1866,2007-11-15,2019-12-01,17.963
1867,1983-09-08,2001-06-06,25.275
1868,1980-01-22,1995-12-13,30.214
1869,1995-05-12,2003-02-23,10.043
1870,2021-10-03,2024-11-03,13.764
1871,1962-02-18,1979-02-06,6.85
1872,2012-10-31,2018-01-09,17.698
1873,1967-01-05,1979-09-27,15.766
1874,2007-05-16,2020-07-09,20.326
1875,1965-11-01,1966-05-08,20.326
1876,1969-03-01,1986-04-15,3.261
1877,1998-08-04,1999-05-23,14.626
1878,1984-09-07,2000-03-07,14.071
1879,2022-01-05,2031-04-19,13.06
1880,2005-08-21,2022-12-05,28.695
1881,1979-05-03,1988-05-16,25.065
1882,2005-05-05,2016-07-04,15.331
1883,1963-03-05,1967-01-31,18.832
1884,1962-03-29,1968-05-25,16.034
1885,1965-11-10,1982-04-21,20.288
1886,2019-06-18,2022-02-26,19.335
1887,2017-01-07,2028-10-03,8.125
1888,2001-01-17,2009-12-15,7.793
1889,1987-12-22,1989-02-02,13.971
1890,1962-06-02,1972-03-21,3.874
1891,1978-06-05,1979-02-22,22.304
1892,1975-01-25,1986-07-14,11.336
1893,2018-10-18,2037-01-29,25.114
1894,1997-06-29,1998-06-12,10.462
1895,1995-05-04,2009-09-17,28.804
1896,1976-09-18,1979-01-12,5.044
1897,1965-05-18,1968-08-28,9.648
1898,2014-07-06,2023-03-09,16.098
1899,1960-11-21,1977-05-20,6.071
1900,1995-07-13,1995-09-24,9.4
